Device_id,Model ID,Task ID,Stream ID,Name,Type,OP State,Accelerator Core,Start Time(us),Duration(us),Wait Time(us),Block Dim,Mix Block Dim,HF32 Eligible,Input Shapes,Input Data Types,Input Formats,Output Shapes,Output Data Types,Output Formats,Context ID,aicore_time(us),aic_total_cycles,aic_mac_time(us),aic_mac_ratio,aic_scalar_time(us),aic_scalar_ratio,aic_mte1_time(us),aic_mte1_ratio,aic_mte2_time(us),aic_mte2_ratio,aic_fixpipe_time(us),aic_fixpipe_ratio,aic_icache_miss_rate,aiv_time(us),aiv_total_cycles,aiv_vec_time(us),aiv_vec_ratio,aiv_scalar_time(us),aiv_scalar_ratio,aiv_mte2_time(us),aiv_mte2_ratio,aiv_mte3_time(us),aiv_mte3_ratio,aiv_icache_miss_rate,cube_utilization(%)
4,4294967295,37371,47,aclnnEqScalar_EqualAiCore_Equal,Equal,dynamic,AI_VECTOR_CORE,1777097775243356.820	,2.120,0,1,0,NO,"""84;""",INT64;INT64,ND;ND,"""84""",BOOL,ND,N/A,0.0,0,0.0,0.0,0.0,0.0,0.0,0.0,0.0,0.0,0.0,0.0,0.0,1.613,2903,0.286,0.177,0.558,0.346,0.356,0.221,0.132,0.082,0.134,0.000
4,4294967295,37372,47,aclnnReduceSum_CastAiCore_Cast,Cast,dynamic,AI_VECTOR_CORE,1777097775243592.980	,1.360,234.130000,1,0,NO,"""84""",BOOL,ND,"""84""",FLOAT,ND,N/A,0.0,0,0.0,0.0,0.0,0.0,0.0,0.0,0.0,0.0,0.0,0.0,0.0,0.811,1460,0.041,0.05,0.262,0.323,0.124,0.153,0.152,0.187,0.229,0.000
4,4294967295,37373,47,aclnnReduceSum_ReduceSumOpAiCore_ReduceSum,ReduceSum,dynamic,MIX_AIV,1777097775243642.340	,2.820,47.890000,1,0,NO,"""84;1""",FLOAT;INT64,ND;ND,"""""",FLOAT,ND,0,0.0,0,0.0,0.0,0.0,0.0,0.0,0.0,0.0,0.0,0.0,0.0,0.0,2.424,4363,0.081,0.033,1.274,0.526,0.127,0.052,0.108,0.044,0.205,0.000
4,4294967295,37374,47,aclnnReduceSum_CastAiCore_Cast,Cast,dynamic,AI_VECTOR_CORE,1777097775243715.680	,1.320,70.680000,1,0,NO,"""""",FLOAT,ND,"""""",INT64,ND,N/A,0.0,0,0.0,0.0,0.0,0.0,0.0,0.0,0.0,0.0,0.0,0.0,0.0,0.773,1392,0.026,0.034,0.278,0.359,0.096,0.124,0.129,0.167,0.15,0.000
4,4294967295,37375,47,aclnnEqScalar_EqualAiCore_Equal,Equal,dynamic,AI_VECTOR_CORE,1777097775244030.520	,1.980,313.430000,1,0,NO,"""84;""",INT64;INT64,ND;ND,"""84""",BOOL,ND,N/A,0.0,0,0.0,0.0,0.0,0.0,0.0,0.0,0.0,0.0,0.0,0.0,0.0,1.417,2551,0.298,0.21,0.561,0.396,0.283,0.2,0.139,0.098,0.116,0.000
4,4294967295,37376,47,aclnnReduceSum_CastAiCore_Cast,Cast,dynamic,AI_VECTOR_CORE,1777097775244244.260	,1.300,211.770000,1,0,NO,"""84""",BOOL,ND,"""84""",FLOAT,ND,N/A,0.0,0,0.0,0.0,0.0,0.0,0.0,0.0,0.0,0.0,0.0,0.0,0.0,0.734,1321,0.041,0.055,0.292,0.397,0.114,0.155,0.162,0.221,0.16,0.000
4,4294967295,37377,47,aclnnReduceSum_ReduceSumOpAiCore_ReduceSum,ReduceSum,dynamic,MIX_AIV,1777097775244282.480	,2.640,36.950000,1,0,NO,"""84;1""",FLOAT;INT64,ND;ND,"""""",FLOAT,ND,0,0.0,0,0.0,0.0,0.0,0.0,0.0,0.0,0.0,0.0,0.0,0.0,0.0,2.232,4018,0.081,0.036,1.222,0.547,0.138,0.062,0.104,0.047,0.174,0.000
4,4294967295,37378,47,aclnnReduceSum_CastAiCore_Cast,Cast,dynamic,AI_VECTOR_CORE,1777097775244318.900	,1.240,33.860000,1,0,NO,"""""",FLOAT,ND,"""""",INT64,ND,N/A,0.0,0,0.0,0.0,0.0,0.0,0.0,0.0,0.0,0.0,0.0,0.0,0.0,0.652,1173,0.026,0.04,0.269,0.413,0.091,0.139,0.141,0.216,0.178,0.000
4,4294967295,37379,47,aclnnArgMax_ArgMaxV2AiCore_ArgMaxV2,ArgMaxV2,dynamic,AI_VECTOR_CORE,1777097775245698.460	,346.660,1378.260000,5,0,NO,"""1,66,151936;""",DT_BF16;INT64,NCL;ND,"""1,66""",INT32,ND,N/A,0.0,0,0.0,0.0,0.0,0.0,0.0,0.0,0.0,0.0,0.0,0.0,0.0,284.603,2561426,162.804,0.572,24.349,0.086,97.384,0.342,0.106,0.0,0.006,0.000
4,4294967295,37380,47,aclnnArgMax_CastAiCore_Cast,Cast,dynamic,AI_VECTOR_CORE,1777097775246045.140	,1.320,0.090000,1,0,NO,"""1,66""",INT32,ND,"""1,66""",INT64,ND,N/A,0.0,0,0.0,0.0,0.0,0.0,0.0,0.0,0.0,0.0,0.0,0.0,0.0,0.808,1455,0.027,0.034,0.252,0.312,0.138,0.17,0.118,0.146,0.203,0.000
4,4294967295,37381,47,aclnnNeScalar_NotEqualAiCore_NotEqual,NotEqual,dynamic,AI_VECTOR_CORE,1777097775246046.480	,2.780,0.000000,1,0,NO,"""1,66;""",INT64;INT64,ND;ND,"""1,66""",BOOL,ND,N/A,0.0,0,0.0,0.0,0.0,0.0,0.0,0.0,0.0,0.0,0.0,0.0,0.0,2.272,4089,0.347,0.153,0.568,0.25,0.483,0.213,0.119,0.052,0.139,0.000
4,4294967295,37382,47,aclnnEqTensor_EqualAiCore_Equal,Equal,dynamic,AI_VECTOR_CORE,1777097775246063.740	,2.320,14.470000,1,0,NO,"""1,66;1,66""",INT64;INT64,ND;ND,"""1,66""",BOOL,ND,N/A,0.0,0,0.0,0.0,0.0,0.0,0.0,0.0,0.0,0.0,0.0,0.0,0.0,1.797,3235,0.342,0.19,0.623,0.347,0.233,0.13,0.103,0.057,0.189,0.000
4,4294967295,37383,47,aclnnBitwiseAndTensor_LogicalAndAiCore_LogicalAnd,LogicalAnd,dynamic,AI_VECTOR_CORE,1777097775246263.040	,1.540,196.930000,1,0,NO,"""1,66;1,66""",BOOL;BOOL,ND;ND,"""1,66""",BOOL,ND,N/A,0.0,0,0.0,0.0,0.0,0.0,0.0,0.0,0.0,0.0,0.0,0.0,0.0,1.004,1808,0.068,0.068,0.289,0.288,0.186,0.185,0.149,0.148,0.177,0.000
4,4294967295,37384,47,aclnnReduceSum_CastAiCore_Cast,Cast,dynamic,AI_VECTOR_CORE,1777097775246476.980	,1.300,212.460000,1,0,NO,"""1,66""",BOOL,ND,"""1,66""",FLOAT,ND,N/A,0.0,0,0.0,0.0,0.0,0.0,0.0,0.0,0.0,0.0,0.0,0.0,0.0,0.761,1370,0.041,0.053,0.265,0.348,0.129,0.169,0.187,0.245,0.194,0.000
4,4294967295,37385,47,aclnnReduceSum_ReduceSumOpAiCore_ReduceSum,ReduceSum,dynamic,MIX_AIV,1777097775246513.040	,3.000,34.700000,1,0,NO,"""1,66;2""",FLOAT;INT64,ND;ND,"""""",FLOAT,ND,0,0.0,0,0.0,0.0,0.0,0.0,0.0,0.0,0.0,0.0,0.0,0.0,0.0,2.598,4676,0.081,0.031,1.267,0.488,0.153,0.059,0.129,0.05,0.199,0.000
4,4294967295,37386,47,aclnnReduceSum_CastAiCore_Cast,Cast,dynamic,AI_VECTOR_CORE,1777097775246547.460	,1.260,31.500000,1,0,NO,"""""",FLOAT,ND,"""""",INT64,ND,N/A,0.0,0,0.0,0.0,0.0,0.0,0.0,0.0,0.0,0.0,0.0,0.0,0.0,0.691,1243,0.026,0.038,0.289,0.418,0.113,0.164,0.118,0.171,0.178,0.000
4,4294967295,37387,47,aclnnReduceSum_CastAiCore_Cast,Cast,dynamic,AI_VECTOR_CORE,1777097775246879.480	,1.300,330.740000,1,0,NO,"""1,66""",BOOL,ND,"""1,66""",FLOAT,ND,N/A,0.0,0,0.0,0.0,0.0,0.0,0.0,0.0,0.0,0.0,0.0,0.0,0.0,0.736,1325,0.041,0.055,0.267,0.363,0.083,0.113,0.193,0.263,0.218,0.000
4,4294967295,37388,47,aclnnReduceSum_ReduceSumOpAiCore_ReduceSum,ReduceSum,dynamic,MIX_AIV,1777097775246909.720	,2.840,28.950000,1,0,NO,"""1,66;2""",FLOAT;INT64,ND;ND,"""""",FLOAT,ND,0,0.0,0,0.0,0.0,0.0,0.0,0.0,0.0,0.0,0.0,0.0,0.0,0.0,2.537,4567,0.081,0.032,1.241,0.489,0.127,0.05,0.137,0.054,0.192,0.000
4,4294967295,37389,47,aclnnReduceSum_CastAiCore_Cast,Cast,dynamic,AI_VECTOR_CORE,1777097775246947.080	,1.140,34.410000,1,0,NO,"""""",FLOAT,ND,"""""",INT64,ND,N/A,0.0,0,0.0,0.0,0.0,0.0,0.0,0.0,0.0,0.0,0.0,0.0,0.0,0.673,1212,0.026,0.039,0.282,0.418,0.114,0.169,0.102,0.151,0.192,0.000
4,4294967295,37390,47,aclnnCast_CastAiCore_Cast,Cast,dynamic,AI_VECTOR_CORE,1777097775359035.180	,395.880,112087.110000,40,0,NO,"""77791232""",FLOAT,ND,"""77791232""",DT_BF16,ND,N/A,0.0,0,0.0,0.0,0.0,0.0,0.0,0.0,0.0,0.0,0.0,0.0,0.0,393.345,28320808,23.118,0.059,4.295,0.011,390.771,0.993,106.122,0.27,0.005,0.000
4,4294967295,N/A,N/A,hcom_allGather__503_0_1,hcom_allGather_,N/A,COMMUNICATION,1777097775360002.260	,8610.840,571.120000,0,N/A,N/A,N/A,N/A,N/A,N/A,N/A,N/A,N/A,N/A,N/A,N/A,N/A,N/A,N/A,N/A,N/A,N/A,N/A,N/A,N/A,N/A,N/A,N/A,N/A,N/A,N/A,N/A,N/A,N/A,N/A,N/A,N/A,N/A
4,4294967295,37393,47,aclnnCast_CastAiCore_Cast,Cast,dynamic,AI_VECTOR_CORE,1777097775368615.160	,1.540,2.160000,1,0,NO,"""512""",FLOAT,ND,"""512""",DT_BF16,ND,N/A,0.0,0,0.0,0.0,0.0,0.0,0.0,0.0,0.0,0.0,0.0,0.0,0.0,1.044,1879,0.027,0.026,0.251,0.241,0.255,0.244,0.128,0.122,0.145,0.000
4,4294967295,N/A,N/A,hcom_allGather__503_1_1,hcom_allGather_,N/A,COMMUNICATION,1777097775368618.840	,1619.620,1.960000,0,N/A,N/A,N/A,N/A,N/A,N/A,N/A,N/A,N/A,N/A,N/A,N/A,N/A,N/A,N/A,N/A,N/A,N/A,N/A,N/A,N/A,N/A,N/A,N/A,N/A,N/A,N/A,N/A,N/A,N/A,N/A,N/A,N/A,N/A
4,4294967295,37396,47,aclnnCast_CastAiCore_Cast,Cast,dynamic,AI_VECTOR_CORE,1777097775370240.300	,387.700,1.880000,40,0,NO,"""77791232""",FLOAT,ND,"""77791232""",DT_BF16,ND,N/A,0.0,0,0.0,0.0,0.0,0.0,0.0,0.0,0.0,0.0,0.0,0.0,0.0,383.319,27598964,23.113,0.06,4.793,0.013,381.664,0.996,103.113,0.269,0.0,0.000
4,4294967295,N/A,N/A,hcom_allGather__503_2_1,hcom_allGather_,N/A,COMMUNICATION,1777097775370630.220	,8999.200,2.300000,0,N/A,N/A,N/A,N/A,N/A,N/A,N/A,N/A,N/A,N/A,N/A,N/A,N/A,N/A,N/A,N/A,N/A,N/A,N/A,N/A,N/A,N/A,N/A,N/A,N/A,N/A,N/A,N/A,N/A,N/A,N/A,N/A,N/A,N/A
4,4294967295,37399,47,aclnnEmbedding_GatherV2AiCore_GatherV2,GatherV2,dynamic,AI_VECTOR_CORE,1777097775379631.800	,7.060,2.300000,28,0,NO,"""151936,2048;1,84;1""",DT_BF16;INT64;INT64,ND;ND;ND,"""1,84,2048""",DT_BF16,ND,N/A,0.0,0,0.0,0.0,0.0,0.0,0.0,0.0,0.0,0.0,0.0,0.0,0.0,4.797,241744,0.053,0.011,0.635,0.132,1.001,0.209,0.342,0.071,0.161,0.000
4,4294967295,37400,47,aclnnInplaceCopy_CastAiCore_Cast,Cast,dynamic,AI_VECTOR_CORE,1777097775379638.880	,1.960,0.190000,1,0,NO,"""1,84""",INT64,ND,"""1,84""",BOOL,ND,N/A,0.0,0,0.0,0.0,0.0,0.0,0.0,0.0,0.0,0.0,0.0,0.0,0.0,1.431,2575,0.094,0.066,0.281,0.197,0.252,0.176,0.115,0.08,0.19,0.000
4,4294967295,37401,47,aclnnAll_ReduceAll_ReduceAll,ReduceAll,dynamic,MIX_AIV,1777097775379642.580	,2.920,1.540000,1,0,NO,"""1,84;2""",BOOL;INT64,ND;ND,"""""",BOOL,ND,0,0.0,0,0.0,0.0,0.0,0.0,0.0,0.0,0.0,0.0,0.0,0.0,0.0,2.55,4590,0.079,0.031,0.672,0.264,0.099,0.039,0.086,0.034,0.265,0.000
4,4294967295,37402,47,aclnnCast_CastAiCore_Cast,Cast,dynamic,AI_VECTOR_CORE,1777097775381503.100	,1.460,1857.580000,1,0,NO,"""1,1,84""",INT64,NCL,"""1,1,84""",FLOAT,NCL,N/A,0.0,0,0.0,0.0,0.0,0.0,0.0,0.0,0.0,0.0,0.0,0.0,0.0,0.963,1734,0.027,0.028,0.293,0.304,0.229,0.238,0.164,0.17,0.169,0.000
4,4294967295,37403,47,aclnnMatmul_MulAiCore_Mul,Mul,dynamic,AI_VECTOR_CORE,1777097775382078.220	,9.320,573.790000,32,0,NO,"""1,64,1;1,1,84""",FLOAT;FLOAT,ND;ND,"""1,64,84""",FLOAT,ND,N/A,0.0,0,0.0,0.0,0.0,0.0,0.0,0.0,0.0,0.0,0.0,0.0,0.0,6.51,374956,0.142,0.022,1.193,0.183,0.251,0.039,0.247,0.038,0.188,0.000
4,4294967295,37404,47,aclnnCat_TransposeAiCore_Transpose,Transpose,dynamic,AI_VECTOR_CORE,1777097775382633.880	,11.980,546.430000,40,0,NO,"""64,84;2""",FLOAT;INT64,NCL;ND,"""84,64""",FLOAT,NCL,N/A,0.0,0,0.0,0.0,0.0,0.0,0.0,0.0,0.0,0.0,0.0,0.0,0.0,8.015,577045,0.034,0.004,1.258,0.157,1.022,0.128,0.032,0.004,0.189,0.000
4,4294967295,37405,47,aclnnCat_TransposeAiCore_Transpose,Transpose,dynamic,AI_VECTOR_CORE,1777097775382660.160	,9.080,14.270000,40,0,NO,"""64,84;2""",FLOAT;INT64,NCL;ND,"""84,64""",FLOAT,NCL,N/A,0.0,0,0.0,0.0,0.0,0.0,0.0,0.0,0.0,0.0,0.0,0.0,0.0,5.612,404044,0.034,0.006,1.57,0.28,3.881,0.692,0.026,0.005,0.008,0.000
4,4294967295,37406,47,aclnnCat_ConcatD_ConcatD,ConcatD,dynamic,AI_VECTOR_CORE,1777097775382723.580	,4.780,54.170000,1,0,NO,"""1,84,64;1,84,64""",FLOAT;FLOAT,NCL;NCL,"""1,84,128""",FLOAT,NCL,N/A,0.0,0,0.0,0.0,0.0,0.0,0.0,0.0,0.0,0.0,0.0,0.0,0.0,4.203,7565,2.808,0.668,0.447,0.106,0.374,0.089,0.319,0.076,0.243,0.000
4,4294967295,37407,47,aclnnCos_CosAiCore_Cos,Cos,dynamic,AI_VECTOR_CORE,1777097775382974.580	,4.220,246.220000,11,0,NO,"""1,84,128""",FLOAT,NCL,"""1,84,128""",FLOAT,ND,N/A,0.0,0,0.0,0.0,0.0,0.0,0.0,0.0,0.0,0.0,0.0,0.0,0.0,2.881,57042,0.97,0.337,0.23,0.08,0.129,0.045,0.142,0.049,0.186,0.000
4,4294967295,37408,47,aclnnMuls_MulAiCore_Mul,Mul,dynamic,AI_VECTOR_CORE,1777097775383405.280	,2.920,426.530000,11,0,NO,"""1,84,128;""",FLOAT;FLOAT,NCL;ND,"""1,84,128""",FLOAT,ND,N/A,0.0,0,0.0,0.0,0.0,0.0,0.0,0.0,0.0,0.0,0.0,0.0,0.0,1.673,33120,0.032,0.019,0.201,0.12,0.237,0.142,0.154,0.092,0.198,0.000
4,4294967295,37409,47,aclnnSin_SinAiCore_Sin,Sin,dynamic,AI_VECTOR_CORE,1777097775383718.740	,3.960,310.580000,11,0,NO,"""1,84,128""",FLOAT,NCL,"""1,84,128""",FLOAT,ND,N/A,0.0,0,0.0,0.0,0.0,0.0,0.0,0.0,0.0,0.0,0.0,0.0,0.0,2.665,52775,0.915,0.343,0.213,0.08,0.126,0.047,0.146,0.055,0.186,0.000
4,4294967295,37410,47,aclnnMuls_MulAiCore_Mul,Mul,dynamic,AI_VECTOR_CORE,1777097775384098.820	,2.620,376.040000,11,0,NO,"""1,84,128;""",FLOAT;FLOAT,NCL;ND,"""1,84,128""",FLOAT,ND,N/A,0.0,0,0.0,0.0,0.0,0.0,0.0,0.0,0.0,0.0,0.0,0.0,0.0,1.378,27281,0.032,0.023,0.242,0.175,0.259,0.188,0.153,0.111,0.181,0.000
4,4294967295,37411,47,aclnnCast_CastAiCore_Cast,Cast,dynamic,AI_VECTOR_CORE,1777097775384453.720	,2.960,352.380000,11,0,NO,"""1,84,128""",FLOAT,NCL,"""1,84,128""",DT_BF16,NCL,N/A,0.0,0,0.0,0.0,0.0,0.0,0.0,0.0,0.0,0.0,0.0,0.0,0.0,1.654,32741,0.031,0.019,0.159,0.096,0.127,0.077,0.143,0.086,0.206,0.000
4,4294967295,37412,47,aclnnCast_CastAiCore_Cast,Cast,dynamic,AI_VECTOR_CORE,1777097775384851.560	,2.260,394.790000,11,0,NO,"""1,84,128""",FLOAT,NCL,"""1,84,128""",DT_BF16,NCL,N/A,0.0,0,0.0,0.0,0.0,0.0,0.0,0.0,0.0,0.0,0.0,0.0,0.0,1.106,21906,0.031,0.028,0.174,0.157,0.149,0.134,0.141,0.127,0.179,0.000
4,4294967295,37413,47,aclnnCast_CastAiCore_Cast,Cast,dynamic,AI_VECTOR_CORE,1777097775387813.680	,12.900,2959.990000,40,0,NO,"""2097152""",FLOAT,ND,"""2097152""",DT_BF16,ND,N/A,0.0,0,0.0,0.0,0.0,0.0,0.0,0.0,0.0,0.0,0.0,0.0,0.0,10.483,754764,0.658,0.063,0.79,0.075,9.16,0.874,1.774,0.169,0.022,0.000
4,4294967295,N/A,N/A,hcom_allGather__503_3_1,hcom_allGather_,N/A,COMMUNICATION,1777097775388667.540	,1785.560,840.850000,0,N/A,N/A,N/A,N/A,N/A,N/A,N/A,N/A,N/A,N/A,N/A,N/A,N/A,N/A,N/A,N/A,N/A,N/A,N/A,N/A,N/A,N/A,N/A,N/A,N/A,N/A,N/A,N/A,N/A,N/A,N/A,N/A,N/A,N/A
4,4294967295,37416,47,aclnnCast_CastAiCore_Cast,Cast,dynamic,AI_VECTOR_CORE,1777097775390455.420	,1.760,2.440000,4,0,NO,"""4096""",FLOAT,ND,"""4096""",DT_BF16,ND,N/A,0.0,0,0.0,0.0,0.0,0.0,0.0,0.0,0.0,0.0,0.0,0.0,0.0,1.037,7469,0.031,0.03,0.183,0.176,0.28,0.27,0.147,0.142,0.109,0.000
4,4294967295,N/A,N/A,hcom_allGather__503_4_1,hcom_allGather_,N/A,COMMUNICATION,1777097775390459.060	,1017.480,1.740000,0,N/A,N/A,N/A,N/A,N/A,N/A,N/A,N/A,N/A,N/A,N/A,N/A,N/A,N/A,N/A,N/A,N/A,N/A,N/A,N/A,N/A,N/A,N/A,N/A,N/A,N/A,N/A,N/A,N/A,N/A,N/A,N/A,N/A,N/A
4,4294967295,37419,47,aclnnCast_CastAiCore_Cast,Cast,dynamic,AI_VECTOR_CORE,1777097775391478.900	,2.160,2.520000,8,0,NO,"""8192""",FLOAT,ND,"""8192""",DT_BF16,ND,N/A,0.0,0,0.0,0.0,0.0,0.0,0.0,0.0,0.0,0.0,0.0,0.0,0.0,1.239,17847,0.031,0.025,0.189,0.152,0.316,0.255,0.14,0.113,0.121,0.000
4,4294967295,N/A,N/A,hcom_allGather__503_5_1,hcom_allGather_,N/A,COMMUNICATION,1777097775391483.100	,1275.140,1.840000,0,N/A,N/A,N/A,N/A,N/A,N/A,N/A,N/A,N/A,N/A,N/A,N/A,N/A,N/A,N/A,N/A,N/A,N/A,N/A,N/A,N/A,N/A,N/A,N/A,N/A,N/A,N/A,N/A,N/A,N/A,N/A,N/A,N/A,N/A
4,4294967295,37422,47,aclnnCast_CastAiCore_Cast,Cast,dynamic,AI_VECTOR_CORE,1777097775392760.480	,4.280,2.360000,40,0,NO,"""262144""",FLOAT,ND,"""262144""",DT_BF16,ND,N/A,0.0,0,0.0,0.0,0.0,0.0,0.0,0.0,0.0,0.0,0.0,0.0,0.0,2.277,163954,0.079,0.035,0.771,0.339,1.159,0.509,0.182,0.08,0.023,0.000
4,4294967295,N/A,N/A,hcom_allGather__503_6_1,hcom_allGather_,N/A,COMMUNICATION,1777097775392767.140	,1365.280,2.470000,0,N/A,N/A,N/A,N/A,N/A,N/A,N/A,N/A,N/A,N/A,N/A,N/A,N/A,N/A,N/A,N/A,N/A,N/A,N/A,N/A,N/A,N/A,N/A,N/A,N/A,N/A,N/A,N/A,N/A,N/A,N/A,N/A,N/A,N/A
4,4294967295,37425,47,aclnnCast_CastAiCore_Cast,Cast,dynamic,AI_VECTOR_CORE,1777097775394134.880	,1.580,2.470000,4,0,NO,"""4096""",FLOAT,ND,"""4096""",DT_BF16,ND,N/A,0.0,0,0.0,0.0,0.0,0.0,0.0,0.0,0.0,0.0,0.0,0.0,0.0,0.792,5699,0.031,0.039,0.297,0.375,0.281,0.355,0.147,0.186,0.0,0.000
4,4294967295,N/A,N/A,hcom_allGather__503_7_1,hcom_allGather_,N/A,COMMUNICATION,1777097775394149.740	,1467.260,13.170000,0,N/A,N/A,N/A,N/A,N/A,N/A,N/A,N/A,N/A,N/A,N/A,N/A,N/A,N/A,N/A,N/A,N/A,N/A,N/A,N/A,N/A,N/A,N/A,N/A,N/A,N/A,N/A,N/A,N/A,N/A,N/A,N/A,N/A,N/A
4,4294967295,37428,47,aclnnCast_CastAiCore_Cast,Cast,dynamic,AI_VECTOR_CORE,1777097775395619.420	,1.200,2.490000,1,0,NO,"""1024""",FLOAT,ND,"""1024""",DT_BF16,ND,N/A,0.0,0,0.0,0.0,0.0,0.0,0.0,0.0,0.0,0.0,0.0,0.0,0.0,0.718,1293,0.031,0.043,0.277,0.385,0.239,0.333,0.149,0.208,0.0,0.000
4,4294967295,N/A,N/A,hcom_allGather__503_8_1,hcom_allGather_,N/A,COMMUNICATION,1777097775395754.420	,1436.420,133.800000,0,N/A,N/A,N/A,N/A,N/A,N/A,N/A,N/A,N/A,N/A,N/A,N/A,N/A,N/A,N/A,N/A,N/A,N/A,N/A,N/A,N/A,N/A,N/A,N/A,N/A,N/A,N/A,N/A,N/A,N/A,N/A,N/A,N/A,N/A
4,4294967295,37431,47,aclnnCast_CastAiCore_Cast,Cast,dynamic,AI_VECTOR_CORE,1777097775397193.040	,4.020,2.080000,40,0,NO,"""262144""",FLOAT,ND,"""262144""",DT_BF16,ND,N/A,0.0,0,0.0,0.0,0.0,0.0,0.0,0.0,0.0,0.0,0.0,0.0,0.0,1.977,142308,0.079,0.04,0.629,0.318,1.068,0.541,0.17,0.086,0.0,0.000
4,4294967295,N/A,N/A,hcom_allGather__503_9_1,hcom_allGather_,N/A,COMMUNICATION,1777097775397384.140	,1381.780,187.230000,0,N/A,N/A,N/A,N/A,N/A,N/A,N/A,N/A,N/A,N/A,N/A,N/A,N/A,N/A,N/A,N/A,N/A,N/A,N/A,N/A,N/A,N/A,N/A,N/A,N/A,N/A,N/A,N/A,N/A,N/A,N/A,N/A,N/A,N/A
4,4294967295,37434,47,aclnnCast_CastAiCore_Cast,Cast,dynamic,AI_VECTOR_CORE,1777097775398768.320	,1.560,2.220000,4,0,NO,"""4096""",FLOAT,ND,"""4096""",DT_BF16,ND,N/A,0.0,0,0.0,0.0,0.0,0.0,0.0,0.0,0.0,0.0,0.0,0.0,0.0,0.872,6276,0.031,0.036,0.276,0.317,0.248,0.284,0.29,0.333,0.0,0.000
4,4294967295,N/A,N/A,hcom_allGather__503_10_1,hcom_allGather_,N/A,COMMUNICATION,1777097775398895.740	,1461.420,125.940000,0,N/A,N/A,N/A,N/A,N/A,N/A,N/A,N/A,N/A,N/A,N/A,N/A,N/A,N/A,N/A,N/A,N/A,N/A,N/A,N/A,N/A,N/A,N/A,N/A,N/A,N/A,N/A,N/A,N/A,N/A,N/A,N/A,N/A,N/A
4,4294967295,37437,47,aclnnCast_CastAiCore_Cast,Cast,dynamic,AI_VECTOR_CORE,1777097775400359.540	,1.400,2.330000,1,0,NO,"""1024""",FLOAT,ND,"""1024""",DT_BF16,ND,N/A,0.0,0,0.0,0.0,0.0,0.0,0.0,0.0,0.0,0.0,0.0,0.0,0.0,0.856,1541,0.031,0.036,0.264,0.309,0.389,0.455,0.141,0.165,0.0,0.000
4,4294967295,N/A,N/A,hcom_allGather__503_11_1,hcom_allGather_,N/A,COMMUNICATION,1777097775400607.780	,1322.640,246.850000,0,N/A,N/A,N/A,N/A,N/A,N/A,N/A,N/A,N/A,N/A,N/A,N/A,N/A,N/A,N/A,N/A,N/A,N/A,N/A,N/A,N/A,N/A,N/A,N/A,N/A,N/A,N/A,N/A,N/A,N/A,N/A,N/A,N/A,N/A
4,4294967295,37440,47,aclnnCast_CastAiCore_Cast,Cast,dynamic,AI_VECTOR_CORE,1777097775401932.660	,12.160,2.360000,40,0,NO,"""2097152""",FLOAT,ND,"""2097152""",DT_BF16,ND,N/A,0.0,0,0.0,0.0,0.0,0.0,0.0,0.0,0.0,0.0,0.0,0.0,0.0,9.581,689858,0.656,0.068,0.98,0.102,8.295,0.866,1.691,0.176,0.0,0.000
4,4294967295,N/A,N/A,hcom_allGather__503_12_1,hcom_allGather_,N/A,COMMUNICATION,1777097775402042.300	,1560.980,97.340000,0,N/A,N/A,N/A,N/A,N/A,N/A,N/A,N/A,N/A,N/A,N/A,N/A,N/A,N/A,N/A,N/A,N/A,N/A,N/A,N/A,N/A,N/A,N/A,N/A,N/A,N/A,N/A,N/A,N/A,N/A,N/A,N/A,N/A,N/A
4,4294967295,37443,47,aclnnCast_CastAiCore_Cast,Cast,dynamic,AI_VECTOR_CORE,1777097775403605.680	,1.800,2.520000,8,0,NO,"""8192""",FLOAT,ND,"""8192""",DT_BF16,ND,N/A,0.0,0,0.0,0.0,0.0,0.0,0.0,0.0,0.0,0.0,0.0,0.0,0.0,0.895,12894,0.031,0.035,0.385,0.43,0.316,0.353,0.134,0.15,0.0,0.000
4,4294967295,N/A,N/A,hcom_allGather__503_13_1,hcom_allGather_,N/A,COMMUNICATION,1777097775403609.800	,1055.680,2.200000,0,N/A,N/A,N/A,N/A,N/A,N/A,N/A,N/A,N/A,N/A,N/A,N/A,N/A,N/A,N/A,N/A,N/A,N/A,N/A,N/A,N/A,N/A,N/A,N/A,N/A,N/A,N/A,N/A,N/A,N/A,N/A,N/A,N/A,N/A
4,4294967295,37446,47,aclnnCast_CastAiCore_Cast,Cast,dynamic,AI_VECTOR_CORE,1777097775404667.740	,1.420,2.320000,4,0,NO,"""4096""",FLOAT,ND,"""4096""",DT_BF16,ND,N/A,0.0,0,0.0,0.0,0.0,0.0,0.0,0.0,0.0,0.0,0.0,0.0,0.0,0.803,5781,0.031,0.039,0.281,0.35,0.329,0.41,0.133,0.165,0.0,0.000
4,4294967295,N/A,N/A,hcom_allGather__503_14_1,hcom_allGather_,N/A,COMMUNICATION,1777097775404671.480	,1246.080,2.330000,0,N/A,N/A,N/A,N/A,N/A,N/A,N/A,N/A,N/A,N/A,N/A,N/A,N/A,N/A,N/A,N/A,N/A,N/A,N/A,N/A,N/A,N/A,N/A,N/A,N/A,N/A,N/A,N/A,N/A,N/A,N/A,N/A,N/A,N/A
4,4294967295,37449,47,aclnnCast_CastAiCore_Cast,Cast,dynamic,AI_VECTOR_CORE,1777097775405919.860	,1.180,2.170000,1,0,NO,"""32""",FLOAT,ND,"""32""",DT_BF16,ND,N/A,0.0,0,0.0,0.0,0.0,0.0,0.0,0.0,0.0,0.0,0.0,0.0,0.0,0.628,1131,0.023,0.036,0.242,0.385,0.221,0.351,0.108,0.172,0.0,0.000
4,4294967295,N/A,N/A,hcom_allGather__503_15_1,hcom_allGather_,N/A,COMMUNICATION,1777097775405922.920	,1255.120,2.070000,0,N/A,N/A,N/A,N/A,N/A,N/A,N/A,N/A,N/A,N/A,N/A,N/A,N/A,N/A,N/A,N/A,N/A,N/A,N/A,N/A,N/A,N/A,N/A,N/A,N/A,N/A,N/A,N/A,N/A,N/A,N/A,N/A,N/A,N/A
4,4294967295,37452,47,aclnnCast_CastAiCore_Cast,Cast,dynamic,AI_VECTOR_CORE,1777097775407180.380	,1.100,2.380000,1,0,NO,"""32""",FLOAT,ND,"""32""",DT_BF16,ND,N/A,0.0,0,0.0,0.0,0.0,0.0,0.0,0.0,0.0,0.0,0.0,0.0,0.0,0.604,1087,0.023,0.038,0.259,0.43,0.188,0.312,0.111,0.183,0.0,0.000
4,4294967295,N/A,N/A,hcom_allGather__503_16_1,hcom_allGather_,N/A,COMMUNICATION,1777097775407198.980	,1230.240,17.400000,0,N/A,N/A,N/A,N/A,N/A,N/A,N/A,N/A,N/A,N/A,N/A,N/A,N/A,N/A,N/A,N/A,N/A,N/A,N/A,N/A,N/A,N/A,N/A,N/A,N/A,N/A,N/A,N/A,N/A,N/A,N/A,N/A,N/A,N/A
4,4294967295,37455,47,aclnnCast_CastAiCore_Cast,Cast,dynamic,AI_VECTOR_CORE,1777097775408431.520	,489.480,2.260000,40,0,NO,"""100663296""",FLOAT,ND,"""100663296""",DT_BF16,ND,N/A,0.0,0,0.0,0.0,0.0,0.0,0.0,0.0,0.0,0.0,0.0,0.0,0.0,485.84,34980489,29.917,0.062,5.969,0.012,483.929,0.996,144.866,0.298,0.0,0.000
4,4294967295,N/A,N/A,hcom_allGather__503_17_1,hcom_allGather_,N/A,COMMUNICATION,1777097775408923.380	,12078.860,2.520000,0,N/A,N/A,N/A,N/A,N/A,N/A,N/A,N/A,N/A,N/A,N/A,N/A,N/A,N/A,N/A,N/A,N/A,N/A,N/A,N/A,N/A,N/A,N/A,N/A,N/A,N/A,N/A,N/A,N/A,N/A,N/A,N/A,N/A,N/A
4,4294967295,37458,47,aclnnCast_CastAiCore_Cast,Cast,dynamic,AI_VECTOR_CORE,1777097775421004.420	,249.240,2.140000,40,0,NO,"""50331648""",FLOAT,ND,"""50331648""",DT_BF16,ND,N/A,0.0,0,0.0,0.0,0.0,0.0,0.0,0.0,0.0,0.0,0.0,0.0,0.0,246.553,17751786,14.96,0.061,3.27,0.013,245.181,0.994,75.712,0.307,0.0,0.000
4,4294967295,N/A,N/A,hcom_allGather__503_18_1,hcom_allGather_,N/A,COMMUNICATION,1777097775421255.520	,5906.900,1.760000,0,N/A,N/A,N/A,N/A,N/A,N/A,N/A,N/A,N/A,N/A,N/A,N/A,N/A,N/A,N/A,N/A,N/A,N/A,N/A,N/A,N/A,N/A,N/A,N/A,N/A,N/A,N/A,N/A,N/A,N/A,N/A,N/A,N/A,N/A
4,4294967295,37461,47,aclnnCast_CastAiCore_Cast,Cast,dynamic,AI_VECTOR_CORE,1777097775427164.760	,2.900,2.350000,40,0,NO,"""65536""",FLOAT,ND,"""65536""",DT_BF16,ND,N/A,0.0,0,0.0,0.0,0.0,0.0,0.0,0.0,0.0,0.0,0.0,0.0,0.0,1.39,100090,0.036,0.026,0.748,0.538,0.411,0.295,0.164,0.118,0.0,0.000
4,4294967295,N/A,N/A,hcom_allGather__503_19_1,hcom_allGather_,N/A,COMMUNICATION,1777097775427169.660	,385.560,2.100000,0,N/A,N/A,N/A,N/A,N/A,N/A,N/A,N/A,N/A,N/A,N/A,N/A,N/A,N/A,N/A,N/A,N/A,N/A,N/A,N/A,N/A,N/A,N/A,N/A,N/A,N/A,N/A,N/A,N/A,N/A,N/A,N/A,N/A,N/A
4,4294967295,37464,47,aclnnCast_CastAiCore_Cast,Cast,dynamic,AI_VECTOR_CORE,1777097775427557.460	,1.520,2.190000,1,0,NO,"""512""",FLOAT,ND,"""512""",DT_BF16,ND,N/A,0.0,0,0.0,0.0,0.0,0.0,0.0,0.0,0.0,0.0,0.0,0.0,0.0,1.018,1833,0.027,0.026,0.42,0.412,0.42,0.412,0.129,0.127,0.0,0.000
4,4294967295,N/A,N/A,hcom_allGather__503_20_1,hcom_allGather_,N/A,COMMUNICATION,1777097775427561.240	,23.160,2.230000,0,N/A,N/A,N/A,N/A,N/A,N/A,N/A,N/A,N/A,N/A,N/A,N/A,N/A,N/A,N/A,N/A,N/A,N/A,N/A,N/A,N/A,N/A,N/A,N/A,N/A,N/A,N/A,N/A,N/A,N/A,N/A,N/A,N/A,N/A
4,4294967295,37467,47,aclnnCast_CastAiCore_Cast,Cast,dynamic,AI_VECTOR_CORE,1777097775427586.720	,1.540,2.340000,1,0,NO,"""512""",FLOAT,ND,"""512""",DT_BF16,ND,N/A,0.0,0,0.0,0.0,0.0,0.0,0.0,0.0,0.0,0.0,0.0,0.0,0.0,1.013,1824,0.027,0.026,0.238,0.235,0.605,0.597,0.117,0.116,0.0,0.000
4,4294967295,N/A,N/A,hcom_allGather__503_21_1,hcom_allGather_,N/A,COMMUNICATION,1777097775427590.300	,22.320,1.960000,0,N/A,N/A,N/A,N/A,N/A,N/A,N/A,N/A,N/A,N/A,N/A,N/A,N/A,N/A,N/A,N/A,N/A,N/A,N/A,N/A,N/A,N/A,N/A,N/A,N/A,N/A,N/A,N/A,N/A,N/A,N/A,N/A,N/A,N/A
4,4294967295,37470,47,aclnnCast_CastAiCore_Cast,Cast,dynamic,AI_VECTOR_CORE,1777097775427615.040	,13.180,2.430000,40,0,NO,"""2097152""",FLOAT,ND,"""2097152""",DT_BF16,ND,N/A,0.0,0,0.0,0.0,0.0,0.0,0.0,0.0,0.0,0.0,0.0,0.0,0.0,10.637,765889,0.656,0.062,0.742,0.07,9.561,0.899,1.871,0.176,0.0,0.000
4,4294967295,37472,47,aclnnCast_CastAiCore_Cast,Cast,dynamic,AI_VECTOR_CORE,1777097775427628.280	,1.460,0.070000,4,0,NO,"""4096""",FLOAT,ND,"""4096""",DT_BF16,ND,N/A,0.0,0,0.0,0.0,0.0,0.0,0.0,0.0,0.0,0.0,0.0,0.0,0.0,0.804,5787,0.031,0.039,0.281,0.349,0.315,0.392,0.143,0.178,0.0,0.000
4,4294967295,37474,47,aclnnCast_CastAiCore_Cast,Cast,dynamic,AI_VECTOR_CORE,1777097775427629.800	,1.740,0.040000,8,0,NO,"""8192""",FLOAT,ND,"""8192""",DT_BF16,ND,N/A,0.0,0,0.0,0.0,0.0,0.0,0.0,0.0,0.0,0.0,0.0,0.0,0.0,0.882,12697,0.031,0.035,0.374,0.424,0.313,0.355,0.133,0.151,0.0,0.000
4,4294967295,N/A,N/A,hcom_allGather__503_22_1,hcom_allGather_,N/A,COMMUNICATION,1777097775427630.500	,251.080,0.000000,0,N/A,N/A,N/A,N/A,N/A,N/A,N/A,N/A,N/A,N/A,N/A,N/A,N/A,N/A,N/A,N/A,N/A,N/A,N/A,N/A,N/A,N/A,N/A,N/A,N/A,N/A,N/A,N/A,N/A,N/A,N/A,N/A,N/A,N/A
4,4294967295,37476,47,aclnnCast_CastAiCore_Cast,Cast,dynamic,AI_VECTOR_CORE,1777097775427631.600	,8.620,0.000000,40,0,NO,"""262144""",FLOAT,ND,"""262144""",DT_BF16,ND,N/A,0.0,0,0.0,0.0,0.0,0.0,0.0,0.0,0.0,0.0,0.0,0.0,0.0,2.839,204433,0.079,0.028,0.922,0.325,1.415,0.498,0.394,0.139,0.0,0.000
4,4294967295,37478,47,aclnnCast_CastAiCore_Cast,Cast,dynamic,AI_VECTOR_CORE,1777097775427640.280	,1.420,0.130000,4,0,NO,"""4096""",FLOAT,ND,"""4096""",DT_BF16,ND,N/A,0.0,0,0.0,0.0,0.0,0.0,0.0,0.0,0.0,0.0,0.0,0.0,0.0,0.791,5697,0.031,0.039,0.308,0.389,0.277,0.351,0.137,0.174,0.0,0.000
4,4294967295,N/A,N/A,hcom_allGather__503_23_1,hcom_allGather_,N/A,COMMUNICATION,1777097775427885.800	,21.760,244.080000,0,N/A,N/A,N/A,N/A,N/A,N/A,N/A,N/A,N/A,N/A,N/A,N/A,N/A,N/A,N/A,N/A,N/A,N/A,N/A,N/A,N/A,N/A,N/A,N/A,N/A,N/A,N/A,N/A,N/A,N/A,N/A,N/A,N/A,N/A
4,4294967295,N/A,N/A,hcom_allGather__503_24_1,hcom_allGather_,N/A,COMMUNICATION,1777097775427911.740	,23.040,4.240000,0,N/A,N/A,N/A,N/A,N/A,N/A,N/A,N/A,N/A,N/A,N/A,N/A,N/A,N/A,N/A,N/A,N/A,N/A,N/A,N/A,N/A,N/A,N/A,N/A,N/A,N/A,N/A,N/A,N/A,N/A,N/A,N/A,N/A,N/A
4,4294967295,N/A,N/A,hcom_allGather__503_25_1,hcom_allGather_,N/A,COMMUNICATION,1777097775427938.960	,57.180,4.210000,0,N/A,N/A,N/A,N/A,N/A,N/A,N/A,N/A,N/A,N/A,N/A,N/A,N/A,N/A,N/A,N/A,N/A,N/A,N/A,N/A,N/A,N/A,N/A,N/A,N/A,N/A,N/A,N/A,N/A,N/A,N/A,N/A,N/A,N/A
4,4294967295,37480,47,aclnnCast_CastAiCore_Cast,Cast,dynamic,AI_VECTOR_CORE,1777097775427988.500	,1.280,0.000000,1,0,NO,"""1024""",FLOAT,ND,"""1024""",DT_BF16,ND,N/A,0.0,0,0.0,0.0,0.0,0.0,0.0,0.0,0.0,0.0,0.0,0.0,0.0,0.717,1290,0.031,0.043,0.248,0.347,0.267,0.372,0.13,0.181,0.0,0.000
4,4294967295,N/A,N/A,hcom_allGather__503_26_1,hcom_allGather_,N/A,COMMUNICATION,1777097775427999.720	,574.460,9.970000,0,N/A,N/A,N/A,N/A,N/A,N/A,N/A,N/A,N/A,N/A,N/A,N/A,N/A,N/A,N/A,N/A,N/A,N/A,N/A,N/A,N/A,N/A,N/A,N/A,N/A,N/A,N/A,N/A,N/A,N/A,N/A,N/A,N/A,N/A
4,4294967295,N/A,N/A,hcom_allGather__503_27_1,hcom_allGather_,N/A,COMMUNICATION,1777097775428793.240	,1015.580,219.040000,0,N/A,N/A,N/A,N/A,N/A,N/A,N/A,N/A,N/A,N/A,N/A,N/A,N/A,N/A,N/A,N/A,N/A,N/A,N/A,N/A,N/A,N/A,N/A,N/A,N/A,N/A,N/A,N/A,N/A,N/A,N/A,N/A,N/A,N/A
4,4294967295,37482,47,aclnnCast_CastAiCore_Cast,Cast,dynamic,AI_VECTOR_CORE,1777097775429289.160	,3.020,0.000000,40,0,NO,"""262144""",FLOAT,ND,"""262144""",DT_BF16,ND,N/A,0.0,0,0.0,0.0,0.0,0.0,0.0,0.0,0.0,0.0,0.0,0.0,0.0,1.56,112294,0.079,0.051,0.692,0.444,0.581,0.372,0.178,0.114,0.0,0.000
4,4294967295,N/A,N/A,hcom_allGather__503_28_1,hcom_allGather_,N/A,COMMUNICATION,1777097775430132.640	,1263.400,840.480000,0,N/A,N/A,N/A,N/A,N/A,N/A,N/A,N/A,N/A,N/A,N/A,N/A,N/A,N/A,N/A,N/A,N/A,N/A,N/A,N/A,N/A,N/A,N/A,N/A,N/A,N/A,N/A,N/A,N/A,N/A,N/A,N/A,N/A,N/A
4,4294967295,37484,47,aclnnCast_CastAiCore_Cast,Cast,dynamic,AI_VECTOR_CORE,1777097775430854.680	,1.460,0.000000,4,0,NO,"""4096""",FLOAT,ND,"""4096""",DT_BF16,ND,N/A,0.0,0,0.0,0.0,0.0,0.0,0.0,0.0,0.0,0.0,0.0,0.0,0.0,0.81,5832,0.031,0.038,0.303,0.374,0.317,0.391,0.136,0.168,0.0,0.000
4,4294967295,N/A,N/A,hcom_allGather__503_29_1,hcom_allGather_,N/A,COMMUNICATION,1777097775431756.060	,1188.580,899.790000,0,N/A,N/A,N/A,N/A,N/A,N/A,N/A,N/A,N/A,N/A,N/A,N/A,N/A,N/A,N/A,N/A,N/A,N/A,N/A,N/A,N/A,N/A,N/A,N/A,N/A,N/A,N/A,N/A,N/A,N/A,N/A,N/A,N/A,N/A
4,4294967295,37486,47,aclnnCast_CastAiCore_Cast,Cast,dynamic,AI_VECTOR_CORE,1777097775432436.580	,1.200,0.000000,1,0,NO,"""1024""",FLOAT,ND,"""1024""",DT_BF16,ND,N/A,0.0,0,0.0,0.0,0.0,0.0,0.0,0.0,0.0,0.0,0.0,0.0,0.0,0.695,1251,0.031,0.045,0.247,0.356,0.249,0.359,0.138,0.199,0.0,0.000
4,4294967295,N/A,N/A,hcom_allGather__503_30_1,hcom_allGather_,N/A,COMMUNICATION,1777097775433387.080	,1042.420,949.300000,0,N/A,N/A,N/A,N/A,N/A,N/A,N/A,N/A,N/A,N/A,N/A,N/A,N/A,N/A,N/A,N/A,N/A,N/A,N/A,N/A,N/A,N/A,N/A,N/A,N/A,N/A,N/A,N/A,N/A,N/A,N/A,N/A,N/A,N/A
4,4294967295,37488,47,aclnnCast_CastAiCore_Cast,Cast,dynamic,AI_VECTOR_CORE,1777097775434191.460	,12.140,0.000000,40,0,NO,"""2097152""",FLOAT,ND,"""2097152""",DT_BF16,ND,N/A,0.0,0,0.0,0.0,0.0,0.0,0.0,0.0,0.0,0.0,0.0,0.0,0.0,9.895,712462,0.656,0.066,0.88,0.089,8.699,0.879,1.951,0.197,0.0,0.000
4,4294967295,N/A,N/A,hcom_allGather__503_31_1,hcom_allGather_,N/A,COMMUNICATION,1777097775435071.780	,1106.560,868.110000,0,N/A,N/A,N/A,N/A,N/A,N/A,N/A,N/A,N/A,N/A,N/A,N/A,N/A,N/A,N/A,N/A,N/A,N/A,N/A,N/A,N/A,N/A,N/A,N/A,N/A,N/A,N/A,N/A,N/A,N/A,N/A,N/A,N/A,N/A
4,4294967295,37490,47,aclnnCast_CastAiCore_Cast,Cast,dynamic,AI_VECTOR_CORE,1777097775435719.800	,1.660,0.000000,8,0,NO,"""8192""",FLOAT,ND,"""8192""",DT_BF16,ND,N/A,0.0,0,0.0,0.0,0.0,0.0,0.0,0.0,0.0,0.0,0.0,0.0,0.0,0.85,12244,0.031,0.037,0.333,0.392,0.315,0.37,0.14,0.165,0.0,0.000
4,4294967295,N/A,N/A,hcom_allGather__503_32_1,hcom_allGather_,N/A,COMMUNICATION,1777097775436589.780	,875.520,868.340000,0,N/A,N/A,N/A,N/A,N/A,N/A,N/A,N/A,N/A,N/A,N/A,N/A,N/A,N/A,N/A,N/A,N/A,N/A,N/A,N/A,N/A,N/A,N/A,N/A,N/A,N/A,N/A,N/A,N/A,N/A,N/A,N/A,N/A,N/A
4,4294967295,37492,47,aclnnCast_CastAiCore_Cast,Cast,dynamic,AI_VECTOR_CORE,1777097775437267.500	,1.340,0.000000,4,0,NO,"""4096""",FLOAT,ND,"""4096""",DT_BF16,ND,N/A,0.0,0,0.0,0.0,0.0,0.0,0.0,0.0,0.0,0.0,0.0,0.0,0.0,0.792,5702,0.031,0.039,0.301,0.38,0.302,0.382,0.134,0.169,0.0,0.000
4,4294967295,N/A,N/A,hcom_allGather__503_33_1,hcom_allGather_,N/A,COMMUNICATION,1777097775438159.400	,838.700,890.660000,0,N/A,N/A,N/A,N/A,N/A,N/A,N/A,N/A,N/A,N/A,N/A,N/A,N/A,N/A,N/A,N/A,N/A,N/A,N/A,N/A,N/A,N/A,N/A,N/A,N/A,N/A,N/A,N/A,N/A,N/A,N/A,N/A,N/A,N/A
4,4294967295,37494,47,aclnnCast_CastAiCore_Cast,Cast,dynamic,AI_VECTOR_CORE,1777097775438706.360	,1.340,0.000000,1,0,NO,"""32""",FLOAT,ND,"""32""",DT_BF16,ND,N/A,0.0,0,0.0,0.0,0.0,0.0,0.0,0.0,0.0,0.0,0.0,0.0,0.0,0.796,1432,0.023,0.029,0.243,0.305,0.383,0.482,0.115,0.145,0.0,0.000
4,4294967295,N/A,N/A,hcom_allGather__503_34_1,hcom_allGather_,N/A,COMMUNICATION,1777097775439624.760	,968.480,917.160000,0,N/A,N/A,N/A,N/A,N/A,N/A,N/A,N/A,N/A,N/A,N/A,N/A,N/A,N/A,N/A,N/A,N/A,N/A,N/A,N/A,N/A,N/A,N/A,N/A,N/A,N/A,N/A,N/A,N/A,N/A,N/A,N/A,N/A,N/A
4,4294967295,37496,47,aclnnCast_CastAiCore_Cast,Cast,dynamic,AI_VECTOR_CORE,1777097775440329.040	,1.580,0.000000,1,0,NO,"""32""",FLOAT,ND,"""32""",DT_BF16,ND,N/A,0.0,0,0.0,0.0,0.0,0.0,0.0,0.0,0.0,0.0,0.0,0.0,0.0,1.035,1863,0.023,0.022,0.257,0.249,0.585,0.565,0.136,0.132,0.0,0.000
4,4294967295,N/A,N/A,hcom_allGather__503_35_1,hcom_allGather_,N/A,COMMUNICATION,1777097775441150.200	,784.340,819.670000,0,N/A,N/A,N/A,N/A,N/A,N/A,N/A,N/A,N/A,N/A,N/A,N/A,N/A,N/A,N/A,N/A,N/A,N/A,N/A,N/A,N/A,N/A,N/A,N/A,N/A,N/A,N/A,N/A,N/A,N/A,N/A,N/A,N/A,N/A
4,4294967295,37498,47,aclnnCast_CastAiCore_Cast,Cast,dynamic,AI_VECTOR_CORE,1777097775441648.340	,490.340,0.000000,40,0,NO,"""100663296""",FLOAT,ND,"""100663296""",DT_BF16,ND,N/A,0.0,0,0.0,0.0,0.0,0.0,0.0,0.0,0.0,0.0,0.0,0.0,0.0,485.112,34928074,29.917,0.062,5.908,0.012,483.205,0.996,143.381,0.296,0.0,0.000
4,4294967295,N/A,N/A,hcom_allGather__503_36_1,hcom_allGather_,N/A,COMMUNICATION,1777097775442402.680	,11851.960,264.160000,0,N/A,N/A,N/A,N/A,N/A,N/A,N/A,N/A,N/A,N/A,N/A,N/A,N/A,N/A,N/A,N/A,N/A,N/A,N/A,N/A,N/A,N/A,N/A,N/A,N/A,N/A,N/A,N/A,N/A,N/A,N/A,N/A,N/A,N/A
4,4294967295,37500,47,aclnnCast_CastAiCore_Cast,Cast,dynamic,AI_VECTOR_CORE,1777097775442875.020	,252.180,0.000000,40,0,NO,"""50331648""",FLOAT,ND,"""50331648""",DT_BF16,ND,N/A,0.0,0,0.0,0.0,0.0,0.0,0.0,0.0,0.0,0.0,0.0,0.0,0.0,248.925,17922624,14.96,0.06,3.372,0.014,247.481,0.994,67.537,0.271,0.0,0.000
4,4294967295,37502,47,aclnnCast_CastAiCore_Cast,Cast,dynamic,AI_VECTOR_CORE,1777097775444091.600	,2.780,964.320000,40,0,NO,"""65536""",FLOAT,ND,"""65536""",DT_BF16,ND,N/A,0.0,0,0.0,0.0,0.0,0.0,0.0,0.0,0.0,0.0,0.0,0.0,0.0,1.25,90026,0.036,0.029,0.641,0.512,0.363,0.291,0.18,0.144,0.0,0.000
4,4294967295,37504,47,aclnnCast_CastAiCore_Cast,Cast,dynamic,AI_VECTOR_CORE,1777097775445315.140	,1.600,1220.970000,1,0,NO,"""512""",FLOAT,ND,"""512""",DT_BF16,ND,N/A,0.0,0,0.0,0.0,0.0,0.0,0.0,0.0,0.0,0.0,0.0,0.0,0.0,1.047,1885,0.027,0.025,0.269,0.257,0.568,0.543,0.148,0.142,0.0,0.000
4,4294967295,37506,47,aclnnCast_CastAiCore_Cast,Cast,dynamic,AI_VECTOR_CORE,1777097775446627.040	,1.540,1310.150000,1,0,NO,"""512""",FLOAT,ND,"""512""",DT_BF16,ND,N/A,0.0,0,0.0,0.0,0.0,0.0,0.0,0.0,0.0,0.0,0.0,0.0,0.0,1.056,1900,0.027,0.025,0.24,0.227,0.65,0.616,0.116,0.11,0.0,0.000
4,4294967295,37508,47,aclnnCast_CastAiCore_Cast,Cast,dynamic,AI_VECTOR_CORE,1777097775448866.160	,10.180,2237.710000,40,0,NO,"""1,84,2048""",DT_BF16,NCL,"""1,84,2048""",FLOAT,NCL,N/A,0.0,0,0.0,0.0,0.0,0.0,0.0,0.0,0.0,0.0,0.0,0.0,0.0,4.982,358672,0.06,0.012,0.233,0.047,0.788,0.158,0.929,0.187,0.188,0.000
4,4294967295,37509,47,aclnnPowTensorScalar_PowsAiCore_Pows,Pows,dynamic,AI_VECTOR_CORE,1777097775449384.160	,16.820,507.820000,40,0,NO,"""1,84,2048;""",FLOAT;FLOAT,NCL;ND,"""1,84,2048""",FLOAT,ND,N/A,0.0,0,0.0,0.0,0.0,0.0,0.0,0.0,0.0,0.0,0.0,0.0,0.0,11.353,817438,0.066,0.006,1.952,0.172,2.423,0.213,0.732,0.064,0.166,0.000
4,4294967295,37510,47,aclnnMean_ReduceMeanAiCore_ReduceMean,ReduceMean,dynamic,MIX_AIV,1777097775449848.660	,10.520,447.680000,28,0,NO,"""1,84,2048;1""",FLOAT;INT64,NCL;ND,"""1,84,1""",FLOAT,ND,0,0.0,0,0.0,0.0,0.0,0.0,0.0,0.0,0.0,0.0,0.0,0.0,0.0,8.163,411406,0.432,0.053,1.647,0.202,0.405,0.05,0.143,0.018,0.208,0.000
4,4294967295,37511,47,aclnnAdds_AddAiCore_Add,Add,dynamic,AI_VECTOR_CORE,1777097775450377.980	,1.620,518.730000,1,0,NO,"""1,84,1;""",FLOAT;FLOAT,NCL;ND,"""1,84,1""",FLOAT,ND,N/A,0.0,0,0.0,0.0,0.0,0.0,0.0,0.0,0.0,0.0,0.0,0.0,0.0,1.101,1981,0.028,0.025,0.278,0.253,0.237,0.215,0.284,0.258,0.156,0.000
4,4294967295,37512,47,aclnnRsqrt_RsqrtAiCore_Rsqrt,Rsqrt,dynamic,AI_VECTOR_CORE,1777097775450717.300	,1.620,337.630000,1,0,NO,"""1,84,1""",FLOAT,NCL,"""1,84,1""",FLOAT,ND,N/A,0.0,0,0.0,0.0,0.0,0.0,0.0,0.0,0.0,0.0,0.0,0.0,0.0,1.063,1914,0.053,0.05,0.256,0.24,0.17,0.16,0.271,0.255,0.171,0.000
4,4294967295,37513,47,aclnnMul_MulAiCore_Mul,Mul,dynamic,AI_VECTOR_CORE,1777097775451220.640	,10.460,501.880000,28,0,NO,"""1,84,2048;1,84,1""",FLOAT;FLOAT,NCL;NCL,"""1,84,2048""",FLOAT,ND,N/A,0.0,0,0.0,0.0,0.0,0.0,0.0,0.0,0.0,0.0,0.0,0.0,0.0,7.407,373320,0.543,0.073,0.766,0.103,0.656,0.089,0.436,0.059,0.216,0.000
4,4294967295,37514,47,aclnnCast_CastAiCore_Cast,Cast,dynamic,AI_VECTOR_CORE,1777097775451632.180	,6.480,401.040000,40,0,NO,"""1,84,2048""",FLOAT,NCL,"""1,84,2048""",DT_BF16,NCL,N/A,0.0,0,0.0,0.0,0.0,0.0,0.0,0.0,0.0,0.0,0.0,0.0,0.0,2.783,200411,0.06,0.021,0.264,0.095,0.717,0.257,0.459,0.165,0.148,0.000
4,4294967295,37515,47,aclnnMul_MulAiCore_Mul,Mul,dynamic,AI_VECTOR_CORE,1777097775452028.640	,8.720,390.020000,21,0,NO,"""2048;1,84,2048""",DT_BF16;DT_BF16,ND;NCL,"""1,84,2048""",DT_BF16,ND,N/A,0.0,0,0.0,0.0,0.0,0.0,0.0,0.0,0.0,0.0,0.0,0.0,0.0,5.403,204248,0.703,0.13,0.753,0.139,0.905,0.168,0.751,0.139,0.162,0.000
4,4294967295,37516,47,aclnnMatmul_MatMulCommon_MatMulV2,MatMulV2,dynamic,AI_CORE,1777097775453357.740	,34.900,1320.280000,19,0,NO,"""84,2048;4096,2048""",DT_BF16;DT_BF16,ND;ND,"""84,4096""",DT_BF16,ND,N/A,31.943,1092446,6.661,0.209,13.459,0.421,6.795,0.213,22.268,0.697,1.533,0.048,0.012,0.0,0,0.0,0.0,0.0,0.0,0.0,0.0,0.0,0.0,0.0,86.950
4,4294967295,N/A,N/A,hcom_allGather__503_37_1,hcom_allGather_,N/A,COMMUNICATION,1777097775454258.480	,6713.840,865.850000,0,N/A,N/A,N/A,N/A,N/A,N/A,N/A,N/A,N/A,N/A,N/A,N/A,N/A,N/A,N/A,N/A,N/A,N/A,N/A,N/A,N/A,N/A,N/A,N/A,N/A,N/A,N/A,N/A,N/A,N/A,N/A,N/A,N/A,N/A
4,4294967295,37517,47,aclnnMatmul_MatMulCommon_MatMulV2,MatMulV2,dynamic,AI_CORE,1777097775454438.400	,6.640,0.000000,6,0,NO,"""84,2048;8,2048""",DT_BF16;DT_BF16,ND;ND,"""84,8""",DT_BF16,ND,N/A,4.723,51008,0.674,0.143,4.24,0.898,0.821,0.174,1.054,0.223,0.152,0.032,0.007,0.0,0,0.0,0.0,0.0,0.0,0.0,0.0,0.0,0.0,0.0,21.339
4,4294967295,37518,47,aclnnMatmul_MatMulCommon_MatMulV2,MatMulV2,dynamic,AI_CORE,1777097775455469.220	,38.700,1024.110000,20,0,NO,"""84,8;4096,8""",DT_BF16;DT_BF16,ND;ND,"""84,4096""",DT_BF16,ND,N/A,31.738,1142567,0.077,0.002,1.028,0.032,0.062,0.002,22.539,0.71,6.343,0.2,0.196,0.0,0,0.0,0.0,0.0,0.0,0.0,0.0,0.0,0.0,0.0,82.010
4,4294967295,37519,47,aclnnMuls_Muls_Muls,Muls,dynamic,AI_VECTOR_CORE,1777097775456048.360	,7.280,540.300000,40,0,NO,"""1,84,4096""",DT_BF16,NCL,"""1,84,4096""",DT_BF16,ND,N/A,0.0,0,0.0,0.0,0.0,0.0,0.0,0.0,0.0,0.0,0.0,0.0,0.0,4.798,345453,0.271,0.057,0.171,0.036,0.591,0.123,0.524,0.109,0.162,0.000
4,4294967295,37520,47,aclnnAdd_AddAiCore_Add,Add,dynamic,AI_VECTOR_CORE,1777097775456413.440	,8.540,357.970000,40,0,NO,"""1,84,4096;1,84,4096""",DT_BF16;DT_BF16,NCL;NCL,"""1,84,4096""",DT_BF16,ND,N/A,0.0,0,0.0,0.0,0.0,0.0,0.0,0.0,0.0,0.0,0.0,0.0,0.0,5.275,379813,0.467,0.088,0.198,0.038,1.128,0.214,0.259,0.049,0.188,0.000
4,4294967295,37521,47,aclnnCast_CastAiCore_Cast,Cast,dynamic,AI_VECTOR_CORE,1777097775457100.680	,16.360,678.710000,40,0,NO,"""1,84,32,128""",DT_BF16,NCHW,"""1,84,32,128""",FLOAT,NCHW,N/A,0.0,0,0.0,0.0,0.0,0.0,0.0,0.0,0.0,0.0,0.0,0.0,0.0,9.159,659467,0.097,0.011,2.718,0.297,1.126,0.123,2.344,0.256,0.192,0.000
4,4294967295,37522,47,aclnnPowTensorScalar_PowsAiCore_Pows,Pows,dynamic,AI_VECTOR_CORE,1777097775457614.000	,12.000,496.890000,40,0,NO,"""1,84,32,128;""",FLOAT;FLOAT,NCHW;ND,"""1,84,32,128""",FLOAT,ND,N/A,0.0,0,0.0,0.0,0.0,0.0,0.0,0.0,0.0,0.0,0.0,0.0,0.0,10.036,722595,0.103,0.01,1.569,0.156,2.163,0.215,0.933,0.093,0.145,0.000
4,4294967295,37523,47,aclnnMean_ReduceMeanAiCore_ReduceMean,ReduceMean,dynamic,MIX_AIV,1777097775458048.060	,10.400,422.000000,40,0,NO,"""1,84,32,128;1""",FLOAT;INT64,NCHW;ND,"""1,84,32,1""",FLOAT,ND,0,0.0,0,0.0,0.0,0.0,0.0,0.0,0.0,0.0,0.0,0.0,0.0,0.0,6.945,500029,0.465,0.067,1.166,0.168,0.688,0.099,0.236,0.034,0.18,0.000
4,4294967295,37524,47,aclnnAdds_AddAiCore_Add,Add,dynamic,AI_VECTOR_CORE,1777097775458585.040	,1.520,526.600000,3,0,NO,"""1,84,32,1;""",FLOAT;FLOAT,NCHW;ND,"""1,84,32,1""",FLOAT,ND,N/A,0.0,0,0.0,0.0,0.0,0.0,0.0,0.0,0.0,0.0,0.0,0.0,0.0,0.939,5069,0.031,0.033,0.246,0.262,0.284,0.303,0.153,0.163,0.149,0.000
4,4294967295,37525,47,aclnnRsqrt_RsqrtAiCore_Rsqrt,Rsqrt,dynamic,AI_VECTOR_CORE,1777097775458927.600	,1.800,340.980000,3,0,NO,"""1,84,32,1""",FLOAT,NCHW,"""1,84,32,1""",FLOAT,ND,N/A,0.0,0,0.0,0.0,0.0,0.0,0.0,0.0,0.0,0.0,0.0,0.0,0.0,1.152,6219,0.074,0.064,0.317,0.275,0.238,0.207,0.224,0.195,0.151,0.000
4,4294967295,37526,47,aclnnMul_MulAiCore_Mul,Mul,dynamic,AI_VECTOR_CORE,1777097775459447.480	,11.560,518.200000,40,0,NO,"""1,84,32,128;1,84,32,1""",FLOAT;FLOAT,NCHW;NCHW,"""1,84,32,128""",FLOAT,ND,N/A,0.0,0,0.0,0.0,0.0,0.0,0.0,0.0,0.0,0.0,0.0,0.0,0.0,8.283,596369,0.722,0.087,0.692,0.084,1.492,0.18,0.999,0.121,0.168,0.000
4,4294967295,37527,47,aclnnCast_CastAiCore_Cast,Cast,dynamic,AI_VECTOR_CORE,1777097775459896.640	,7.720,437.690000,40,0,NO,"""1,84,32,128""",FLOAT,NCHW,"""1,84,32,128""",DT_BF16,NCHW,N/A,0.0,0,0.0,0.0,0.0,0.0,0.0,0.0,0.0,0.0,0.0,0.0,0.0,5.17,372237,0.097,0.019,0.167,0.032,2.148,0.415,0.305,0.059,0.234,0.000
4,4294967295,37528,47,aclnnMul_MulAiCore_Mul,Mul,dynamic,AI_VECTOR_CORE,1777097775460319.880	,10.320,415.530000,36,0,NO,"""128;1,84,32,128""",DT_BF16;DT_BF16,ND;NCHW,"""1,84,32,128""",DT_BF16,ND,N/A,0.0,0,0.0,0.0,0.0,0.0,0.0,0.0,0.0,0.0,0.0,0.0,0.0,6.997,453429,0.759,0.109,2.168,0.31,1.215,0.174,0.627,0.09,0.151,0.000
4,4294967295,N/A,N/A,hcom_allGather__503_38_1,hcom_allGather_,N/A,COMMUNICATION,1777097775460976.680	,29.040,646.430000,0,N/A,N/A,N/A,N/A,N/A,N/A,N/A,N/A,N/A,N/A,N/A,N/A,N/A,N/A,N/A,N/A,N/A,N/A,N/A,N/A,N/A,N/A,N/A,N/A,N/A,N/A,N/A,N/A,N/A,N/A,N/A,N/A,N/A,N/A
4,4294967295,N/A,N/A,hcom_allGather__503_39_1,hcom_allGather_,N/A,COMMUNICATION,1777097775461009.880	,22.600,4.210000,0,N/A,N/A,N/A,N/A,N/A,N/A,N/A,N/A,N/A,N/A,N/A,N/A,N/A,N/A,N/A,N/A,N/A,N/A,N/A,N/A,N/A,N/A,N/A,N/A,N/A,N/A,N/A,N/A,N/A,N/A,N/A,N/A,N/A,N/A
4,4294967295,N/A,N/A,hcom_allGather__503_40_1,hcom_allGather_,N/A,COMMUNICATION,1777097775461036.800	,22.480,4.150000,0,N/A,N/A,N/A,N/A,N/A,N/A,N/A,N/A,N/A,N/A,N/A,N/A,N/A,N/A,N/A,N/A,N/A,N/A,N/A,N/A,N/A,N/A,N/A,N/A,N/A,N/A,N/A,N/A,N/A,N/A,N/A,N/A,N/A,N/A
4,4294967295,37529,47,aclnnMatmul_MatMulCommon_MatMulV2,MatMulV2,dynamic,AI_CORE,1777097775461602.200	,7.700,543.020000,16,0,NO,"""84,2048;512,2048""",DT_BF16;DT_BF16,ND;ND,"""84,512""",DT_BF16,ND,N/A,6.468,186265,1.316,0.203,4.971,0.769,2.209,0.341,3.874,0.599,0.215,0.033,0.0,0.0,0,0.0,0.0,0.0,0.0,0.0,0.0,0.0,0.0,0.0,67.195
4,4294967295,37530,47,aclnnMatmul_MatMulCommon_MatMulV2,MatMulV2,dynamic,AI_CORE,1777097775462615.660	,5.180,1005.800000,6,0,NO,"""84,2048;8,2048""",DT_BF16;DT_BF16,ND;ND,"""84,8""",DT_BF16,ND,N/A,4.322,46681,0.651,0.151,4.109,0.951,0.821,0.19,1.004,0.232,0.155,0.036,0.0,0.0,0,0.0,0.0,0.0,0.0,0.0,0.0,0.0,0.0,0.0,25.033
4,4294967295,37531,47,aclnnMatmul_MatMulCommon_MatMulV2,MatMulV2,dynamic,AI_CORE,1777097775463628.480	,13.840,1007.570000,16,0,NO,"""84,8;512,8""",DT_BF16;DT_BF16,ND;ND,"""84,512""",DT_BF16,ND,N/A,11.314,325850,0.042,0.004,1.338,0.118,0.039,0.003,6.776,0.599,1.917,0.169,0.203,0.0,0,0.0,0.0,0.0,0.0,0.0,0.0,0.0,0.0,0.0,65.400
4,4294967295,37532,47,aclnnMuls_Muls_Muls,Muls,dynamic,AI_VECTOR_CORE,1777097775464166.900	,6.060,524.660000,38,0,NO,"""1,84,512""",DT_BF16,NCL,"""1,84,512""",DT_BF16,ND,N/A,0.0,0,0.0,0.0,0.0,0.0,0.0,0.0,0.0,0.0,0.0,0.0,0.0,3.644,249276,0.073,0.02,0.175,0.048,0.38,0.104,0.342,0.094,0.147,0.000
4,4294967295,37533,47,aclnnAdd_AddAiCore_Add,Add,dynamic,AI_VECTOR_CORE,1777097775464506.700	,6.660,333.690000,38,0,NO,"""1,84,512;1,84,512""",DT_BF16;DT_BF16,NCL;NCL,"""1,84,512""",DT_BF16,ND,N/A,0.0,0,0.0,0.0,0.0,0.0,0.0,0.0,0.0,0.0,0.0,0.0,0.0,4.134,282735,0.106,0.026,0.188,0.045,0.86,0.208,0.277,0.067,0.195,0.000
4,4294967295,37534,47,aclnnCast_CastAiCore_Cast,Cast,dynamic,AI_VECTOR_CORE,1777097775465181.800	,6.560,668.340000,38,0,NO,"""1,84,4,128""",DT_BF16,NCHW,"""1,84,4,128""",FLOAT,NCHW,N/A,0.0,0,0.0,0.0,0.0,0.0,0.0,0.0,0.0,0.0,0.0,0.0,0.0,3.722,254618,0.032,0.009,0.165,0.044,0.322,0.087,0.508,0.136,0.216,0.000
4,4294967295,37535,47,aclnnPowTensorScalar_PowsAiCore_Pows,Pows,dynamic,AI_VECTOR_CORE,1777097775465683.240	,13.440,494.940000,40,0,NO,"""1,84,4,128;""",FLOAT;FLOAT,NCHW;ND,"""1,84,4,128""",FLOAT,ND,N/A,0.0,0,0.0,0.0,0.0,0.0,0.0,0.0,0.0,0.0,0.0,0.0,0.0,10.127,729131,0.038,0.004,2.131,0.21,1.191,0.118,0.473,0.047,0.169,0.000
4,4294967295,37536,47,aclnnMean_ReduceMeanAiCore_ReduceMean,ReduceMean,dynamic,MIX_AIV,1777097775466094.920	,9.460,398.310000,38,0,NO,"""1,84,4,128;1""",FLOAT;INT64,NCHW;ND,"""1,84,4,1""",FLOAT,ND,0,0.0,0,0.0,0.0,0.0,0.0,0.0,0.0,0.0,0.0,0.0,0.0,0.0,5.819,397991,0.117,0.02,1.695,0.291,0.201,0.035,0.131,0.023,0.162,0.000
4,4294967295,37537,47,aclnnAdds_AddAiCore_Add,Add,dynamic,AI_VECTOR_CORE,1777097775466614.640	,1.420,510.290000,1,0,NO,"""1,84,4,1;""",FLOAT;FLOAT,NCHW;ND,"""1,84,4,1""",FLOAT,ND,N/A,0.0,0,0.0,0.0,0.0,0.0,0.0,0.0,0.0,0.0,0.0,0.0,0.0,0.951,1711,0.027,0.028,0.282,0.297,0.269,0.283,0.258,0.271,0.176,0.000
4,4294967295,37538,47,aclnnRsqrt_RsqrtAiCore_Rsqrt,Rsqrt,dynamic,AI_VECTOR_CORE,1777097775467016.300	,1.220,400.080000,1,0,NO,"""1,84,4,1""",FLOAT,NCHW,"""1,84,4,1""",FLOAT,ND,N/A,0.0,0,0.0,0.0,0.0,0.0,0.0,0.0,0.0,0.0,0.0,0.0,0.0,0.761,1369,0.055,0.072,0.247,0.325,0.132,0.174,0.175,0.23,0.148,0.000
4,4294967295,37539,47,aclnnMul_MulAiCore_Mul,Mul,dynamic,AI_VECTOR_CORE,1777097775467521.640	,9.840,504.280000,38,0,NO,"""1,84,4,128;1,84,4,1""",FLOAT;FLOAT,NCHW;NCHW,"""1,84,4,128""",FLOAT,ND,N/A,0.0,0,0.0,0.0,0.0,0.0,0.0,0.0,0.0,0.0,0.0,0.0,0.0,6.377,436178,0.177,0.028,0.697,0.109,0.413,0.065,0.366,0.057,0.154,0.000
4,4294967295,37540,47,aclnnCast_CastAiCore_Cast,Cast,dynamic,AI_VECTOR_CORE,1777097775467964.140	,5.820,432.660000,38,0,NO,"""1,84,4,128""",FLOAT,NCHW,"""1,84,4,128""",DT_BF16,NCHW,N/A,0.0,0,0.0,0.0,0.0,0.0,0.0,0.0,0.0,0.0,0.0,0.0,0.0,3.428,234459,0.032,0.009,0.164,0.048,0.667,0.195,0.295,0.086,0.242,0.000
4,4294967295,37541,47,aclnnMul_MulAiCore_Mul,Mul,dynamic,AI_VECTOR_CORE,1777097775468369.100	,8.300,398.930000,38,0,NO,"""128;1,84,4,128""",DT_BF16;DT_BF16,ND;NCHW,"""1,84,4,128""",DT_BF16,ND,N/A,0.0,0,0.0,0.0,0.0,0.0,0.0,0.0,0.0,0.0,0.0,0.0,0.0,4.966,339648,0.15,0.03,2.029,0.409,0.399,0.08,0.291,0.059,0.138,0.000
4,4294967295,37542,47,aclnnMatmul_MatMulCommon_MatMulV2,MatMulV2,dynamic,AI_CORE,1777097775469582.200	,7.340,1204.950000,16,0,NO,"""84,2048;512,2048""",DT_BF16;DT_BF16,ND;ND,"""84,512""",DT_BF16,ND,N/A,6.076,174990,1.308,0.215,4.597,0.757,2.209,0.364,3.817,0.628,0.223,0.037,0.0,0.0,0,0.0,0.0,0.0,0.0,0.0,0.0,0.0,0.0,0.0,66.224
4,4294967295,37543,47,aclnnMatmul_MatMulCommon_MatMulV2,MatMulV2,dynamic,AI_CORE,1777097775470616.980	,4.920,1027.410000,6,0,NO,"""84,2048;8,2048""",DT_BF16;DT_BF16,ND;ND,"""84,8""",DT_BF16,ND,N/A,4.224,45615,0.658,0.156,4.02,0.952,0.821,0.194,1.016,0.241,0.148,0.035,0.0,0.0,0,0.0,0.0,0.0,0.0,0.0,0.0,0.0,0.0,0.0,25.754
4,4294967295,37544,47,aclnnMatmul_MatMulCommon_MatMulV2,MatMulV2,dynamic,AI_CORE,1777097775471597.320	,13.340,975.330000,16,0,NO,"""84,8;512,8""",DT_BF16;DT_BF16,ND;ND,"""84,512""",DT_BF16,ND,N/A,10.538,303499,0.042,0.004,1.629,0.155,0.039,0.004,6.543,0.621,2.492,0.236,0.026,0.0,0,0.0,0.0,0.0,0.0,0.0,0.0,0.0,0.0,0.0,63.197
4,4294967295,37545,47,aclnnMuls_Muls_Muls,Muls,dynamic,AI_VECTOR_CORE,1777097775472150.520	,6.060,539.910000,38,0,NO,"""1,84,512""",DT_BF16,NCL,"""1,84,512""",DT_BF16,ND,N/A,0.0,0,0.0,0.0,0.0,0.0,0.0,0.0,0.0,0.0,0.0,0.0,0.0,3.651,249713,0.073,0.02,0.169,0.046,0.468,0.128,0.261,0.071,0.166,0.000
4,4294967295,37546,47,aclnnAdd_AddAiCore_Add,Add,dynamic,AI_VECTOR_CORE,1777097775472491.500	,6.420,334.940000,38,0,NO,"""1,84,512;1,84,512""",DT_BF16;DT_BF16,NCL;NCL,"""1,84,512""",DT_BF16,ND,N/A,0.0,0,0.0,0.0,0.0,0.0,0.0,0.0,0.0,0.0,0.0,0.0,0.0,3.865,264372,0.106,0.027,0.187,0.049,0.746,0.193,0.331,0.086,0.189,0.000
4,4294967295,37547,47,aclnnMul_TransposeAiCore_Transpose,Transpose,dynamic,AI_VECTOR_CORE,1777097775473718.920	,22.760,1221.080000,40,0,NO,"""84,32,128;3""",DT_BF16;INT64,NCHW;ND,"""32,84,128""",DT_BF16,NCHW,N/A,0.0,0,0.0,0.0,0.0,0.0,0.0,0.0,0.0,0.0,0.0,0.0,0.0,10.471,753935,0.065,0.006,3.304,0.316,3.124,0.298,0.282,0.027,0.131,0.000
4,4294967295,37548,47,aclnnMul_MulAiCore_Mul,Mul,dynamic,AI_VECTOR_CORE,1777097775473765.400	,7.040,23.740000,32,0,NO,"""1,32,84,128;1,1,84,128""",DT_BF16;DT_BF16,NCHW;NCHW,"""1,32,84,128""",DT_BF16,ND,N/A,0.0,0,0.0,0.0,0.0,0.0,0.0,0.0,0.0,0.0,0.0,0.0,0.0,5.377,309741,0.599,0.111,0.499,0.093,1.779,0.331,0.329,0.061,0.092,0.000
4,4294967295,37549,47,aclnnNeg_AsStridedAiCore_AsStrided,AsStrided,dynamic,AI_VECTOR_CORE,1777097775474703.940	,9.540,931.460000,2,0,NO,"""344064;4;4;1""",DT_BF16;INT64;INT64;INT64,NCHW;ND;ND;ND,"""1,32,84,64""",DT_BF16,NCHW,N/A,0.0,0,0.0,0.0,0.0,0.0,0.0,0.0,0.0,0.0,0.0,0.0,0.0,8.724,31406,0.016,0.002,1.534,0.176,4.201,0.482,0.992,0.114,0.19,0.000
4,4294967295,37550,47,aclnnNeg_NegAiCore_Neg,Neg,dynamic,AI_VECTOR_CORE,1777097775474756.020	,7.360,42.460000,40,0,NO,"""1,32,84,64""",DT_BF16,NCHW,"""1,32,84,64""",DT_BF16,ND,N/A,0.0,0,0.0,0.0,0.0,0.0,0.0,0.0,0.0,0.0,0.0,0.0,0.0,4.792,345043,0.157,0.033,0.167,0.035,0.693,0.145,0.418,0.087,0.206,0.000
4,4294967295,37551,47,aclnnCat_AsStridedAiCore_AsStrided,AsStrided,dynamic,AI_VECTOR_CORE,1777097775475181.020	,8.680,417.640000,2,0,NO,"""344064;4;4;1""",DT_BF16;INT64;INT64;INT64,NCHW;ND;ND;ND,"""1,32,84,64""",DT_BF16,NCHW,N/A,0.0,0,0.0,0.0,0.0,0.0,0.0,0.0,0.0,0.0,0.0,0.0,0.0,7.761,27939,0.016,0.002,1.532,0.197,4.248,0.547,1.195,0.154,0.184,0.000
4,4294967295,37552,47,aclnnCat_ConcatD_ConcatD,ConcatD,dynamic,AI_VECTOR_CORE,1777097775475232.660	,4.460,43.070000,7,0,NO,"""1,32,84,64;1,32,84,64""",DT_BF16;DT_BF16,NCHW;NCHW,"""1,32,84,128""",DT_BF16,NCHW,N/A,0.0,0,0.0,0.0,0.0,0.0,0.0,0.0,0.0,0.0,0.0,0.0,0.0,3.531,44496,0.451,0.128,0.564,0.16,0.662,0.187,0.622,0.176,0.226,0.000
4,4294967295,37553,47,aclnnMul_MulAiCore_Mul,Mul,dynamic,AI_VECTOR_CORE,1777097775475706.500	,4.900,469.290000,32,0,NO,"""1,32,84,128;1,1,84,128""",DT_BF16;DT_BF16,NCHW;NCHW,"""1,32,84,128""",DT_BF16,ND,N/A,0.0,0,0.0,0.0,0.0,0.0,0.0,0.0,0.0,0.0,0.0,0.0,0.0,3.569,205557,0.599,0.168,1.844,0.517,1.099,0.308,0.379,0.106,0.009,0.000
4,4294967295,37554,47,aclnnAdd_AddAiCore_Add,Add,dynamic,AI_VECTOR_CORE,1777097775476114.660	,6.760,403.350000,40,0,NO,"""1,32,84,128;1,32,84,128""",DT_BF16;DT_BF16,NCHW;NCHW,"""1,32,84,128""",DT_BF16,ND,N/A,0.0,0,0.0,0.0,0.0,0.0,0.0,0.0,0.0,0.0,0.0,0.0,0.0,5.285,380514,0.467,0.088,0.705,0.133,1.923,0.364,0.357,0.068,0.128,0.000
4,4294967295,37555,47,aclnnMul_TransposeAiCore_Transpose,Transpose,dynamic,AI_VECTOR_CORE,1777097775476711.540	,12.020,589.990000,40,0,NO,"""84,4,128;3""",DT_BF16;INT64,NCHW;ND,"""4,84,128""",DT_BF16,NCHW,N/A,0.0,0,0.0,0.0,0.0,0.0,0.0,0.0,0.0,0.0,0.0,0.0,0.0,8.292,597030,0.029,0.004,2.768,0.334,4.906,0.592,0.021,0.003,0.075,0.000
4,4294967295,37556,47,aclnnMul_MulAiCore_Mul,Mul,dynamic,AI_VECTOR_CORE,1777097775476753.040	,5.140,29.480000,40,0,NO,"""1,4,84,128;1,1,84,128""",DT_BF16;DT_BF16,NCHW;NCHW,"""1,4,84,128""",DT_BF16,ND,N/A,0.0,0,0.0,0.0,0.0,0.0,0.0,0.0,0.0,0.0,0.0,0.0,0.0,2.968,213721,0.119,0.04,2.179,0.734,0.372,0.125,0.214,0.072,0.025,0.000
4,4294967295,37557,47,aclnnNeg_AsStridedAiCore_AsStrided,AsStrided,dynamic,AI_VECTOR_CORE,1777097775477629.360	,3.880,871.110000,1,0,NO,"""43008;4;4;1""",DT_BF16;INT64;INT64;INT64,NCHW;ND;ND;ND,"""1,4,84,64""",DT_BF16,NCHW,N/A,0.0,0,0.0,0.0,0.0,0.0,0.0,0.0,0.0,0.0,0.0,0.0,0.0,3.386,6095,0.016,0.005,1.244,0.368,0.946,0.279,0.329,0.097,0.241,0.000
4,4294967295,37558,47,aclnnNeg_NegAiCore_Neg,Neg,dynamic,AI_VECTOR_CORE,1777097775477661.780	,3.560,28.620000,21,0,NO,"""1,4,84,64""",DT_BF16,NCHW,"""1,4,84,64""",DT_BF16,ND,N/A,0.0,0,0.0,0.0,0.0,0.0,0.0,0.0,0.0,0.0,0.0,0.0,0.0,1.784,67434,0.069,0.039,0.505,0.283,0.158,0.089,0.146,0.082,0.094,0.000
4,4294967295,37559,47,aclnnCat_AsStridedAiCore_AsStrided,AsStrided,dynamic,AI_VECTOR_CORE,1777097775478135.100	,3.720,469.690000,1,0,NO,"""43008;4;4;1""",DT_BF16;INT64;INT64;INT64,NCHW;ND;ND;ND,"""1,4,84,64""",DT_BF16,NCHW,N/A,0.0,0,0.0,0.0,0.0,0.0,0.0,0.0,0.0,0.0,0.0,0.0,0.0,3.213,5783,0.016,0.005,1.248,0.389,0.9,0.28,0.338,0.105,0.237,0.000
4,4294967295,37560,47,aclnnCat_ConcatD_ConcatD,ConcatD,dynamic,AI_VECTOR_CORE,1777097775478170.700	,2.840,32.030000,1,0,NO,"""1,4,84,64;1,4,84,64""",DT_BF16;DT_BF16,NCHW;NCHW,"""1,4,84,128""",DT_BF16,NCHW,N/A,0.0,0,0.0,0.0,0.0,0.0,0.0,0.0,0.0,0.0,0.0,0.0,0.0,2.278,4101,0.396,0.174,0.539,0.237,0.603,0.265,0.543,0.238,0.228,0.000
4,4294967295,37561,47,aclnnMul_MulAiCore_Mul,Mul,dynamic,AI_VECTOR_CORE,1777097775478632.820	,5.040,459.160000,40,0,NO,"""1,4,84,128;1,1,84,128""",DT_BF16;DT_BF16,NCHW;NCHW,"""1,4,84,128""",DT_BF16,ND,N/A,0.0,0,0.0,0.0,0.0,0.0,0.0,0.0,0.0,0.0,0.0,0.0,0.0,3.231,232627,0.119,0.037,2.463,0.762,0.456,0.141,0.223,0.069,0.001,0.000
4,4294967295,37562,47,aclnnAdd_AddAiCore_Add,Add,dynamic,AI_VECTOR_CORE,1777097775479043.120	,4.220,405.210000,38,0,NO,"""1,4,84,128;1,4,84,128""",DT_BF16;DT_BF16,NCHW;NCHW,"""1,4,84,128""",DT_BF16,ND,N/A,0.0,0,0.0,0.0,0.0,0.0,0.0,0.0,0.0,0.0,0.0,0.0,0.0,1.987,135935,0.106,0.053,0.765,0.385,0.393,0.198,0.251,0.126,0.058,0.000
4,4294967295,37563,47,aclnnInplaceOne_OnesLikeAiCore_OnesLike,OnesLike,dynamic,AI_VECTOR_CORE,1777097775479663.900	,11.640,616.780000,40,0,NO,"""2048,2048""",BOOL,ND,"""2048,2048""",BOOL,ND,N/A,0.0,0,0.0,0.0,0.0,0.0,0.0,0.0,0.0,0.0,0.0,0.0,0.0,10.125,729002,0.318,0.031,0.461,0.046,0.001,0.0,3.962,0.391,0.089,0.000
4,4294967295,37564,47,aclnnTriu_Triu_Triu,Triu,dynamic,AI_VECTOR_CORE,1777097775479871.380	,33.140,195.860000,40,0,NO,"""2048,2048""",BOOL,ND,"""2048,2048""",BOOL,ND,N/A,0.0,0,0.0,0.0,0.0,0.0,0.0,0.0,0.0,0.0,0.0,0.0,0.0,29.232,2104711,0.664,0.023,13.226,0.452,9.142,0.313,0.768,0.026,0.011,0.000
4,4294967295,37565,47,aclnnFlashAttentionScore_TransposeAiCore_Transpose,Transpose,dynamic,AI_VECTOR_CORE,1777097775482005.500	,16.460,2100.860000,40,0,NO,"""84,4,128;3""",DT_BF16;INT64,NCHW;ND,"""4,84,128""",DT_BF16,NCHW,N/A,0.0,0,0.0,0.0,0.0,0.0,0.0,0.0,0.0,0.0,0.0,0.0,0.0,8.408,605367,0.029,0.003,2.977,0.354,4.874,0.58,0.021,0.002,0.084,0.000
4,4294967295,37566,47,aclnnFlashAttentionScore_FlashAttentionScore_FlashAttentionScore,FlashAttentionScore,dynamic,MIX_AIC,1777097775482041.940	,39.140,20.040000,16,32,NO,"""1,32,84,128;1,4,84,128;1,4,84,128;;;;2048,2048;;;;;;;;""",DT_BF16;DT_BF16;DT_BF16;DT_BF16;UINT8;DT_BF16;BOOL;INT64;INT64;INT64;INT64;INT64;FLOAT;FLOAT;FLOAT,NCHW;NCHW;NCHW;ND;ND;ND;ND;ND;ND;ND;ND;ND;ND;ND;ND,"""1,32,84,8;1,32,84,8;;1,32,84,128""",FLOAT;FLOAT;DT_BF16;DT_BF16,ND;ND;ND;ND,0,37.289,1073927,0.78,0.021,26.94,0.722,0.734,0.02,3.161,0.085,6.902,0.185,0.069,34.449,1984256,2.26,0.066,10.193,0.296,4.604,0.134,2.67,0.077,0.133,76.217
4,4294967295,37568,47,aclnnInplaceCopy_TransposeAiCore_Transpose,Transpose,dynamic,AI_VECTOR_CORE,1777097775483482.140	,17.820,1401.110000,40,0,NO,"""32,84,128;3""",DT_BF16;INT64,NCHW;ND,"""84,32,128""",DT_BF16,NCHW,N/A,0.0,0,0.0,0.0,0.0,0.0,0.0,0.0,0.0,0.0,0.0,0.0,0.0,9.848,709082,0.065,0.007,3.744,0.38,3.919,0.398,0.317,0.032,0.119,0.000
4,4294967295,37569,47,aclnnMatmul_MatMulCommon_MatMulV2,MatMulV2,dynamic,AI_CORE,1777097775484992.020	,29.360,1491.930000,19,0,NO,"""84,4096;2048,4096""",DT_BF16;DT_BF16,ND;ND,"""84,2048""",DT_BF16,ND,N/A,26.467,905187,6.765,0.256,13.498,0.51,6.992,0.264,18.849,0.712,0.761,0.029,0.006,0.0,0,0.0,0.0,0.0,0.0,0.0,0.0,0.0,0.0,0.0,85.641
4,4294967295,37570,47,aclnnMatmul_MatMulCommon_MatMulV2,MatMulV2,dynamic,AI_CORE,1777097775486053.020	,9.080,1031.640000,6,0,NO,"""84,4096;8,4096""",DT_BF16;DT_BF16,ND;ND,"""84,8""",DT_BF16,ND,N/A,7.67,82834,1.352,0.176,7.259,0.946,1.649,0.215,2.002,0.261,0.154,0.02,0.003,0.0,0,0.0,0.0,0.0,0.0,0.0,0.0,0.0,0.0,0.0,25.341
4,4294967295,37571,47,aclnnMatmul_MatMulCommon_MatMulV2,MatMulV2,dynamic,AI_CORE,1777097775487052.320	,27.600,990.170000,19,0,NO,"""84,8;2048,8""",DT_BF16;DT_BF16,ND;ND,"""84,2048""",DT_BF16,ND,N/A,23.886,816918,0.057,0.002,1.246,0.052,0.049,0.002,16.286,0.682,5.058,0.212,0.146,0.0,0,0.0,0.0,0.0,0.0,0.0,0.0,0.0,0.0,0.0,82.218
4,4294967295,37572,47,aclnnMuls_Muls_Muls,Muls,dynamic,AI_VECTOR_CORE,1777097775487614.020	,6.320,534.150000,40,0,NO,"""1,84,2048""",DT_BF16,NCL,"""1,84,2048""",DT_BF16,ND,N/A,0.0,0,0.0,0.0,0.0,0.0,0.0,0.0,0.0,0.0,0.0,0.0,0.0,4.176,300650,0.157,0.038,0.169,0.04,0.876,0.21,0.526,0.126,0.163,0.000
4,4294967295,37573,47,aclnnAdd_AddAiCore_Add,Add,dynamic,AI_VECTOR_CORE,1777097775487943.540	,7.360,323.180000,40,0,NO,"""1,84,2048;1,84,2048""",DT_BF16;DT_BF16,NCL;NCL,"""1,84,2048""",DT_BF16,ND,N/A,0.0,0,0.0,0.0,0.0,0.0,0.0,0.0,0.0,0.0,0.0,0.0,0.0,5.311,382363,0.273,0.051,0.184,0.035,1.511,0.285,0.491,0.092,0.195,0.000
4,4294967295,37574,47,aclnnAdd_AddAiCore_Add,Add,dynamic,AI_VECTOR_CORE,1777097775488403.020	,2.700,452.140000,40,0,NO,"""1,84,2048;1,84,2048""",DT_BF16;DT_BF16,NCL;NCL,"""1,84,2048""",DT_BF16,ND,N/A,0.0,0,0.0,0.0,0.0,0.0,0.0,0.0,0.0,0.0,0.0,0.0,0.0,1.397,100555,0.273,0.196,0.653,0.468,0.353,0.253,0.158,0.113,0.0,0.000
4,4294967295,37575,47,aclnnCast_CastAiCore_Cast,Cast,dynamic,AI_VECTOR_CORE,1777097775488869.280	,6.840,463.550000,40,0,NO,"""1,84,2048""",DT_BF16,NCL,"""1,84,2048""",FLOAT,NCL,N/A,0.0,0,0.0,0.0,0.0,0.0,0.0,0.0,0.0,0.0,0.0,0.0,0.0,4.661,335603,0.06,0.013,0.162,0.035,1.057,0.227,0.716,0.154,0.217,0.000
4,4294967295,37576,47,aclnnPowTensorScalar_PowsAiCore_Pows,Pows,dynamic,AI_VECTOR_CORE,1777097775489369.260	,13.120,493.160000,40,0,NO,"""1,84,2048;""",FLOAT;FLOAT,NCL;ND,"""1,84,2048""",FLOAT,ND,N/A,0.0,0,0.0,0.0,0.0,0.0,0.0,0.0,0.0,0.0,0.0,0.0,0.0,10.776,775838,0.066,0.006,1.583,0.147,1.83,0.17,0.64,0.059,0.185,0.000
4,4294967295,37577,47,aclnnMean_ReduceMeanAiCore_ReduceMean,ReduceMean,dynamic,MIX_AIV,1777097775489826.020	,9.560,443.630000,28,0,NO,"""1,84,2048;1""",FLOAT;INT64,NCL;ND,"""1,84,1""",FLOAT,ND,0,0.0,0,0.0,0.0,0.0,0.0,0.0,0.0,0.0,0.0,0.0,0.0,0.0,6.741,339738,0.432,0.064,1.621,0.241,0.317,0.047,0.125,0.019,0.194,0.000
4,4294967295,37578,47,aclnnAdds_AddAiCore_Add,Add,dynamic,AI_VECTOR_CORE,1777097775490317.200	,1.340,481.690000,1,0,NO,"""1,84,1;""",FLOAT;FLOAT,NCL;ND,"""1,84,1""",FLOAT,ND,N/A,0.0,0,0.0,0.0,0.0,0.0,0.0,0.0,0.0,0.0,0.0,0.0,0.0,0.829,1493,0.028,0.033,0.282,0.34,0.215,0.259,0.191,0.23,0.167,0.000
4,4294967295,37579,47,aclnnRsqrt_RsqrtAiCore_Rsqrt,Rsqrt,dynamic,AI_VECTOR_CORE,1777097775490613.360	,1.320,294.660000,1,0,NO,"""1,84,1""",FLOAT,NCL,"""1,84,1""",FLOAT,ND,N/A,0.0,0,0.0,0.0,0.0,0.0,0.0,0.0,0.0,0.0,0.0,0.0,0.0,0.816,1468,0.053,0.065,0.28,0.343,0.159,0.195,0.173,0.212,0.148,0.000
4,4294967295,37580,47,aclnnMul_MulAiCore_Mul,Mul,dynamic,AI_VECTOR_CORE,1777097775491095.880	,10.580,481.430000,28,0,NO,"""1,84,2048;1,84,1""",FLOAT;FLOAT,NCL;NCL,"""1,84,2048""",FLOAT,ND,N/A,0.0,0,0.0,0.0,0.0,0.0,0.0,0.0,0.0,0.0,0.0,0.0,0.0,7.805,393392,0.541,0.069,0.745,0.095,0.93,0.119,0.371,0.048,0.221,0.000
4,4294967295,37581,47,aclnnCast_CastAiCore_Cast,Cast,dynamic,AI_VECTOR_CORE,1777097775491502.720	,6.140,396.170000,40,0,NO,"""1,84,2048""",FLOAT,NCL,"""1,84,2048""",DT_BF16,NCL,N/A,0.0,0,0.0,0.0,0.0,0.0,0.0,0.0,0.0,0.0,0.0,0.0,0.0,4.699,338334,0.06,0.013,0.166,0.035,1.532,0.326,0.54,0.115,0.221,0.000
4,4294967295,37582,47,aclnnMul_MulAiCore_Mul,Mul,dynamic,AI_VECTOR_CORE,1777097775491878.600	,7.780,369.610000,21,0,NO,"""2048;1,84,2048""",DT_BF16;DT_BF16,ND;NCL,"""1,84,2048""",DT_BF16,ND,N/A,0.0,0,0.0,0.0,0.0,0.0,0.0,0.0,0.0,0.0,0.0,0.0,0.0,5.672,214420,0.705,0.124,0.614,0.108,0.709,0.125,0.395,0.07,0.171,0.000
4,4294967295,37583,47,aclnnMatmul_MatMulCommon_MatMulV2,MatMulV2,dynamic,AI_CORE,1777097775493152.600	,8.660,1266.220000,18,0,NO,"""84,2048;128,2048""",DT_BF16;DT_BF16,ND;ND,"""84,128""",DT_BF16,ND,N/A,7.486,242553,1.15,0.154,7.098,0.948,1.614,0.216,1.839,0.246,0.319,0.043,0.0,0.0,0,0.0,0.0,0.0,0.0,0.0,0.0,0.0,0.0,0.0,77.801
4,4294967295,37584,47,aclnnCast_CastAiCore_Cast,Cast,dynamic,AI_VECTOR_CORE,1777097775493654.860	,2.160,493.590000,11,0,NO,"""84,128""",DT_BF16,ND,"""84,128""",FLOAT,ND,N/A,0.0,0,0.0,0.0,0.0,0.0,0.0,0.0,0.0,0.0,0.0,0.0,0.0,1.111,22004,0.031,0.028,0.179,0.161,0.116,0.105,0.141,0.127,0.172,0.000
4,4294967295,37585,47,aclnnSoftmax_SoftmaxAiCore_SoftmaxV2,SoftmaxV2,dynamic,AI_VECTOR_CORE,1777097775494051.500	,12.540,394.590000,28,0,NO,"""84,128""",FLOAT,ND,"""84,128""",FLOAT,ND,N/A,0.0,0,0.0,0.0,0.0,0.0,0.0,0.0,0.0,0.0,0.0,0.0,0.0,9.552,481445,0.322,0.034,1.786,0.187,0.204,0.021,0.155,0.016,0.178,0.000
4,4294967295,37586,47,aclnnTopk_TopkV2AiCore_TopKV2,TopKV2,dynamic,MIX_AIV,1777097775494683.880	,16.120,619.960000,28,0,NO,"""84,128;""",FLOAT;INT32,ND;ND,"""84,8;84,8""",FLOAT;INT32,ND;ND,0,0.0,0,0.0,0.0,0.0,0.0,0.0,0.0,0.0,0.0,0.0,0.0,0.0,12.685,639302,3.659,0.288,3.09,0.244,1.119,0.088,0.528,0.042,0.036,0.000
4,4294967295,37587,47,aclnnTopk_CastAiCore_Cast,Cast,dynamic,AI_VECTOR_CORE,1777097775494730.100	,1.500,29.880000,2,0,NO,"""84,8""",INT32,ND,"""84,8""",INT64,ND,N/A,0.0,0,0.0,0.0,0.0,0.0,0.0,0.0,0.0,0.0,0.0,0.0,0.0,0.977,3518,0.028,0.029,0.217,0.222,0.196,0.2,0.148,0.152,0.205,0.000
4,4294967295,37588,47,aclnnReduceSum_ReduceSumOpAiCore_ReduceSum,ReduceSum,dynamic,MIX_AIV,1777097775496026.360	,5.380,1294.750000,11,0,NO,"""84,8;1""",FLOAT;INT64,ND;ND,"""84,1""",FLOAT,ND,0,0.0,0,0.0,0.0,0.0,0.0,0.0,0.0,0.0,0.0,0.0,0.0,0.0,4.185,82861,0.069,0.017,1.199,0.287,0.118,0.028,0.106,0.025,0.209,0.000
4,4294967295,37590,47,aclnnDiv_RealDivAiCore_RealDiv,RealDiv,dynamic,AI_VECTOR_CORE,1777097775496894.140	,8.560,862.620000,28,0,NO,"""84,8;84,1""",FLOAT;FLOAT,ND;ND,"""84,8""",FLOAT,ND,N/A,0.0,0,0.0,0.0,0.0,0.0,0.0,0.0,0.0,0.0,0.0,0.0,0.0,5.989,301822,0.095,0.016,1.694,0.283,0.238,0.04,0.144,0.024,0.205,0.000
4,4294967295,37591,47,aclnnCast_CastAiCore_Cast,Cast,dynamic,AI_VECTOR_CORE,1777097775497316.680	,1.240,413.940000,1,0,NO,"""84,8""",FLOAT,ND,"""84,8""",DT_BF16,ND,N/A,0.0,0,0.0,0.0,0.0,0.0,0.0,0.0,0.0,0.0,0.0,0.0,0.0,0.736,1324,0.028,0.039,0.269,0.366,0.133,0.181,0.189,0.257,0.159,0.000
4,4294967295,37592,47,aclnnArange_ArangeAiCore_Range,Range,dynamic,AI_VECTOR_CORE,1777097775497863.260	,7.600,545.260000,40,0,NO,""";;""",INT64;INT64;INT64,ND;ND;ND,"""84""",INT64,ND,N/A,0.0,0,0.0,0.0,0.0,0.0,0.0,0.0,0.0,0.0,0.0,0.0,0.0,3.987,287087,0.013,0.003,0.894,0.224,0.111,0.028,0.084,0.021,0.098,0.000
4,4294967295,37593,47,aclnnInplaceCopy_BroadcastToAiCore_BroadcastTo,BroadcastTo,dynamic,AI_VECTOR_CORE,1777097775498746.000	,7.100,875.150000,28,0,NO,"""84,1;2""",INT64;INT64,ND;ND,"""84,8""",INT64,ND,N/A,0.0,0,0.0,0.0,0.0,0.0,0.0,0.0,0.0,0.0,0.0,0.0,0.0,4.474,225476,0.166,0.037,0.589,0.132,0.102,0.023,0.182,0.041,0.163,0.000
4,4294967295,37594,47,aclnnGeScalar_GreaterEqual_GreaterEqual,GreaterEqual,dynamic,AI_VECTOR_CORE,1777097775499586.280	,3.020,833.150000,1,0,NO,"""672;""",INT64;INT64,ND;ND,"""672""",BOOL,ND,N/A,0.0,0,0.0,0.0,0.0,0.0,0.0,0.0,0.0,0.0,0.0,0.0,0.0,2.494,4490,0.921,0.369,0.666,0.267,0.244,0.098,0.143,0.057,0.13,0.000
